customer_id,signup_date,country,customer_segment,acquisition_channel,is_active
1,2023-07-01,Canada,low,email,True
2,2024-12-01,USA,low,email,True
3,2024-07-05,USA,low,referral,False
4,2024-03-13,USA,medium,referral,True
5,2022-04-20,Germany,low,organic,True
6,2022-04-20,Canada,low,social,True
7,2021-03-30,Spain,medium,email,True
8,2024-10-09,USA,medium,ads,True
9,2024-03-16,UK,high,ads,True
10,2024-06-16,USA,low,organic,True
11,2020-07-20,USA,low,ads,True
12,2024-12-13,UK,medium,email,True
13,2024-09-16,USA,low,organic,False
14,2022-09-13,USA,medium,organic,True
15,2022-06-30,Canada,medium,organic,True
16,2022-07-04,UK,high,ads,False
17,2023-03-13,USA,low,referral,True
18,2023-12-31,Canada,low,ads,True
19,2023-09-15,France,low,organic,True
20,2023-02-19,USA,medium,referral,True
21,2024-03-26,France,low,social,True
22,2022-03-01,Canada,low,organic,True
23,2023-02-20,USA,low,organic,True
24,2023-06-19,USA,medium,referral,False
25,2023-10-15,Mexico,low,referral,True
26,2024-08-14,USA,low,ads,True
27,2022-08-14,USA,low,email,True
28,2023-12-20,USA,low,referral,True
29,2024-03-07,France,medium,referral,True
30,2021-01-21,Canada,low,ads,False
31,2024-03-22,France,medium,organic,True
32,2022-05-31,Germany,medium,referral,False
33,2021-05-06,UK,low,referral,True
34,2024-11-30,Brazil,low,ads,True
35,2024-12-10,UK,low,ads,True
36,2024-08-30,Canada,low,organic,True
37,2023-03-14,France,medium,ads,True
38,2021-10-02,Canada,high,email,True
39,2024-05-27,Spain,medium,social,True
40,2023-09-26,Canada,medium,ads,True
41,2022-01-02,Germany,low,organic,False
42,2023-11-29,USA,medium,ads,True
43,2020-11-03,USA,medium,organic,True
44,2024-11-06,USA,low,organic,True
45,2022-12-20,USA,low,ads,True
46,2024-05-09,USA,medium,organic,True
47,2023-03-26,USA,low,referral,True
48,2023-12-26,USA,medium,email,True
49,2024-01-23,Canada,medium,referral,True
50,2022-07-08,UK,low,ads,True
51,2024-12-13,UK,medium,social,True
52,2024-08-06,USA,low,organic,True
53,2024-11-24,USA,low,referral,False
54,2024-10-27,Australia,low,referral,True
55,2024-03-13,Canada,medium,organic,True
56,2024-11-14,Canada,medium,organic,True
57,2021-08-25,USA,medium,organic,True
58,2022-08-05,Germany,low,organic,True
59,2021-01-14,USA,high,organic,True
60,2023-04-17,UK,low,referral,True
61,2023-07-20,Brazil,low,organic,False
62,2023-01-13,Canada,high,organic,True
63,2024-09-13,Canada,medium,ads,False
64,2023-06-05,Canada,medium,ads,True
65,2023-01-31,France,low,organic,True
66,2024-01-19,Germany,low,organic,True
67,2022-03-05,USA,low,organic,True
68,2024-08-26,USA,medium,ads,True
69,2021-06-22,USA,medium,ads,True
70,2024-12-23,USA,medium,referral,False
71,2024-08-04,USA,low,ads,True
72,2022-08-12,Mexico,low,email,True
73,2020-03-02,Spain,low,organic,False
74,2024-09-04,USA,low,referral,False
75,2024-06-15,Canada,low,email,False
76,2024-07-02,UK,low,referral,True
77,2024-08-03,Australia,high,organic,True
78,2021-06-20,UK,low,referral,True
79,2023-06-07,USA,low,ads,False
80,2021-12-11,USA,low,organic,True
81,2024-10-07,Canada,medium,referral,True
82,2024-04-05,USA,medium,ads,False
83,2023-04-26,Canada,high,organic,True
84,2021-04-28,Spain,low,email,False
85,2023-03-25,UK,low,referral,True
86,2023-04-17,USA,low,ads,False
87,2024-07-03,Japan,low,organic,True
88,2024-04-18,UK,low,organic,False
89,2024-10-23,USA,high,organic,True
90,2023-11-03,USA,medium,social,True
91,2021-12-24,USA,low,organic,True
92,2024-06-20,Canada,medium,referral,True
93,2024-07-27,France,low,organic,True
94,2024-02-06,UK,medium,ads,True
95,2024-08-03,USA,medium,referral,True
96,2023-11-27,UK,high,organic,True
97,2023-12-29,Japan,medium,social,True
98,2023-09-10,UK,low,referral,False
99,2020-08-28,Brazil,medium,ads,True
100,2021-11-11,Spain,low,ads,False
101,2020-10-13,USA,medium,organic,True
102,2024-04-17,Germany,low,ads,True
103,2023-03-30,Canada,low,organic,True
104,2023-12-14,UK,high,organic,True
105,2024-11-05,USA,medium,ads,True
106,2022-12-01,Canada,low,referral,True
107,2023-08-19,USA,low,organic,False
108,2024-07-23,UK,low,organic,True
109,2022-10-19,UK,low,ads,True
110,2021-07-04,Mexico,low,ads,True
111,2023-02-16,Spain,medium,email,True
112,2022-05-05,USA,low,ads,True
113,2024-11-18,UK,low,organic,True
114,2024-08-30,USA,low,organic,False
115,2024-04-14,Australia,medium,organic,True
116,2024-10-12,Spain,low,ads,True
117,2024-08-27,USA,low,organic,True
118,2022-07-12,Canada,low,organic,True
119,2024-10-26,Canada,low,ads,True
120,2024-01-15,USA,low,organic,True
121,2024-08-30,Germany,low,organic,True
122,2024-10-28,UK,low,ads,True
123,2023-04-05,Germany,low,email,False
124,2021-11-20,UK,low,email,True
125,2022-10-18,USA,medium,email,False
126,2023-09-09,USA,low,referral,True
127,2024-09-06,USA,low,ads,True
128,2024-10-05,Australia,low,referral,True
129,2020-03-16,Spain,low,organic,True
130,2023-12-16,France,low,referral,False
131,2023-08-28,USA,medium,ads,True
132,2022-10-05,USA,low,ads,False
133,2021-12-25,Spain,low,referral,False
134,2023-05-07,Mexico,low,referral,True
135,2024-11-27,USA,medium,organic,True
136,2023-04-14,UK,low,organic,True
137,2023-12-25,USA,low,ads,False
138,2024-06-12,Germany,low,referral,True
139,2023-06-15,Germany,low,referral,True
140,2024-12-14,USA,medium,email,True
141,2024-12-08,UK,low,email,True
142,2022-12-06,UK,low,ads,True
143,2023-12-01,USA,low,ads,False
144,2023-03-07,Spain,low,ads,True
145,2023-02-07,UK,low,ads,True
146,2020-11-20,USA,low,organic,True
147,2024-03-23,UK,medium,ads,False
148,2023-12-07,Germany,medium,referral,True
149,2021-02-20,USA,medium,email,True
150,2023-01-27,USA,low,organic,False
151,2024-11-05,Japan,medium,organic,True
152,2022-11-11,Canada,medium,referral,True
153,2022-03-18,UK,medium,social,True
154,2023-11-23,UK,low,organic,True
155,2024-12-22,USA,high,organic,True
156,2022-11-17,USA,medium,ads,True
157,2024-05-17,USA,low,organic,True
158,2024-07-27,Canada,low,ads,True
159,2022-11-07,USA,medium,ads,True
160,2024-07-02,USA,high,ads,True
161,2023-06-21,USA,low,referral,True
162,2024-04-13,Canada,low,referral,True
163,2024-04-14,USA,medium,referral,True
164,2024-01-12,Australia,medium,ads,True
165,2021-09-02,Spain,low,organic,True
166,2024-09-18,USA,low,ads,False
167,2023-04-10,USA,low,organic,True
168,2022-07-12,Canada,medium,organic,False
169,2020-12-16,USA,medium,organic,True
170,2024-03-06,USA,high,ads,True
171,2024-05-22,Australia,low,ads,False
172,2020-06-16,Canada,medium,ads,True
173,2023-12-18,UK,medium,social,True
174,2022-10-14,France,medium,ads,True
175,2024-04-24,France,medium,referral,False
176,2022-06-11,USA,low,organic,True
177,2024-06-02,USA,low,organic,True
178,2023-07-18,UK,low,email,True
179,2024-11-23,UK,low,organic,True
180,2022-02-23,UK,low,ads,True
181,2023-05-12,Germany,low,organic,True
182,2021-12-02,Canada,medium,organic,True
183,2024-11-15,Brazil,medium,organic,True
184,2024-10-16,USA,low,referral,True
185,2022-12-18,UK,low,organic,True
186,2024-05-07,USA,medium,email,True
187,2024-09-05,Spain,medium,organic,False
188,2024-01-31,USA,low,ads,True
189,2024-01-05,USA,medium,organic,True
190,2022-11-16,UK,medium,ads,True
191,2021-09-13,UK,low,organic,True
192,2024-10-29,USA,low,organic,True
193,2024-10-31,USA,low,organic,True
194,2024-04-14,Australia,medium,referral,False
195,2023-05-09,UK,low,email,False
196,2023-05-24,Spain,high,ads,True
197,2024-06-30,Canada,low,organic,True
198,2024-10-29,USA,low,referral,False
199,2024-10-22,Japan,medium,organic,True
200,2024-08-10,France,low,referral,True
201,2024-04-22,Mexico,medium,organic,True
202,2021-08-06,Australia,low,organic,True
203,2022-05-06,France,medium,referral,True
204,2024-10-30,USA,low,email,False
205,2024-03-21,UK,low,ads,True
206,2020-04-08,USA,medium,referral,True
207,2021-10-18,UK,low,ads,True
208,2024-05-10,USA,high,organic,True
209,2020-02-26,UK,low,organic,True
210,2022-05-04,Brazil,low,ads,True
211,2024-01-25,USA,low,ads,False
212,2024-06-03,France,low,organic,True
213,2024-04-30,UK,low,organic,True
214,2022-10-10,UK,medium,ads,False
215,2024-06-19,Mexico,low,referral,False
216,2022-11-07,Japan,high,ads,True
217,2023-04-17,Canada,low,ads,True
218,2024-07-16,Germany,low,email,False
219,2024-04-28,USA,medium,organic,True
220,2024-09-27,USA,medium,organic,True
221,2024-05-05,Mexico,low,referral,True
222,2024-02-13,Canada,low,organic,True
223,2021-09-16,UK,medium,ads,True
224,2023-06-21,Germany,low,referral,True
225,2023-01-02,USA,medium,ads,True
226,2022-11-21,Canada,medium,social,True
227,2024-12-15,UK,high,ads,True
228,2023-07-26,Spain,medium,organic,True
229,2024-10-26,USA,low,organic,False
230,2024-04-12,Mexico,low,email,True
231,2024-08-21,USA,low,email,True
232,2023-12-07,USA,low,organic,False
233,2024-02-22,Canada,low,ads,True
234,2023-11-26,Canada,low,referral,True
235,2022-08-03,USA,low,ads,False
236,2024-06-27,USA,medium,referral,True
237,2023-01-31,Spain,low,ads,False
238,2020-08-20,USA,low,ads,True
239,2024-04-25,Canada,high,organic,True
240,2022-06-18,Canada,low,organic,True
241,2024-11-25,UK,high,referral,True
242,2024-12-03,Canada,low,organic,False
243,2024-11-09,UK,high,referral,True
244,2023-06-24,Australia,low,ads,True
245,2020-06-06,USA,low,social,True
246,2024-11-18,Germany,low,organic,False
247,2023-09-11,USA,high,organic,True
248,2024-12-11,UK,low,email,True
249,2024-12-09,Canada,low,organic,True
250,2024-09-30,USA,low,ads,True
251,2023-02-24,USA,low,ads,True
252,2023-07-15,Germany,low,ads,False
253,2024-09-29,USA,low,ads,False
254,2023-04-03,UK,medium,referral,True
255,2022-05-28,Japan,medium,referral,True
256,2024-02-02,Japan,low,ads,False
257,2024-11-22,USA,medium,organic,True
258,2024-06-06,USA,medium,ads,True
259,2024-02-15,USA,low,ads,True
260,2021-09-30,Australia,medium,ads,True
261,2024-03-28,Spain,low,organic,True
262,2024-12-25,Spain,low,referral,False
263,2022-03-03,UK,low,organic,True
264,2023-12-24,USA,low,organic,True
265,2024-10-16,France,low,organic,True
266,2024-07-11,Germany,medium,referral,True
267,2024-06-07,Canada,low,ads,True
268,2024-06-11,Brazil,low,ads,True
269,2023-06-09,Canada,low,referral,True
270,2023-02-23,USA,high,organic,False
271,2024-08-31,France,medium,organic,True
272,2024-08-31,USA,low,referral,True
273,2024-10-09,Canada,high,email,False
274,2024-11-08,Australia,medium,ads,True
275,2023-12-17,USA,low,ads,False
276,2023-12-06,USA,low,ads,True
277,2024-08-23,USA,low,email,True
278,2024-04-28,Canada,medium,referral,True
279,2024-06-11,USA,low,ads,True
280,2024-08-21,Canada,low,ads,True
281,2024-10-24,Germany,high,ads,True
282,2023-05-07,USA,low,ads,True
283,2023-07-02,Canada,medium,referral,True
284,2021-09-17,USA,low,organic,True
285,2024-02-23,UK,low,ads,False
286,2020-11-14,Australia,medium,referral,True
287,2023-10-26,France,medium,ads,True
288,2024-01-19,USA,low,ads,True
289,2023-02-10,UK,low,organic,True
290,2024-03-06,USA,low,organic,True
291,2020-10-06,USA,low,organic,True
292,2020-11-23,Germany,low,organic,True
293,2024-09-09,Canada,low,organic,True
294,2023-06-10,USA,low,ads,True
295,2022-01-19,Germany,medium,social,True
296,2023-12-28,Canada,low,ads,True
297,2024-08-02,UK,medium,ads,True
298,2022-09-21,USA,low,referral,True
299,2024-04-05,USA,low,email,True
300,2021-08-11,Spain,low,email,True
301,2021-02-22,Australia,low,organic,False
302,2024-01-07,UK,low,organic,True
303,2024-01-17,France,high,organic,True
304,2024-04-18,Canada,low,ads,True
305,2024-06-30,USA,medium,email,True
306,2024-12-16,USA,low,referral,True
307,2023-12-22,USA,low,organic,True
308,2023-04-13,Spain,medium,organic,False
309,2024-08-21,France,low,ads,True
310,2023-01-12,Spain,medium,referral,True
311,2023-09-24,Spain,high,social,True
312,2021-07-11,USA,high,organic,True
313,2020-08-28,USA,medium,email,False
314,2024-12-09,USA,low,email,True
315,2024-09-18,France,low,email,True
316,2024-06-06,Spain,medium,ads,True
317,2023-08-17,UK,low,ads,True
318,2022-06-08,Canada,low,ads,True
319,2022-04-21,USA,medium,referral,True
320,2022-12-03,Australia,high,organic,True
321,2024-01-25,Spain,low,email,True
322,2024-06-21,Brazil,medium,email,True
323,2024-05-07,France,medium,ads,True
324,2023-01-29,Spain,low,ads,False
325,2024-12-04,USA,low,social,True
326,2024-07-09,Germany,low,organic,True
327,2024-01-30,USA,medium,referral,True
328,2024-03-25,Australia,low,ads,True
329,2023-08-31,France,low,ads,True
330,2022-11-28,Spain,low,ads,True
331,2023-06-04,France,medium,ads,True
332,2024-07-24,USA,low,referral,True
333,2020-05-27,France,high,organic,False
334,2021-12-12,USA,medium,ads,True
335,2021-01-18,Spain,low,organic,True
336,2020-12-16,Spain,low,organic,True
337,2024-10-02,USA,high,referral,True
338,2024-06-12,France,medium,email,True
339,2023-11-05,UK,medium,email,True
340,2021-10-03,USA,low,organic,True
341,2023-11-25,France,low,email,True
342,2023-11-04,USA,low,ads,True
343,2022-06-07,USA,low,ads,True
344,2023-09-18,USA,low,ads,True
345,2023-08-03,USA,high,ads,True
346,2024-03-29,Spain,medium,ads,True
347,2024-04-15,Mexico,medium,ads,False
348,2021-01-14,USA,low,ads,True
349,2023-07-01,Canada,low,email,False
350,2024-04-07,UK,low,organic,True
351,2023-12-08,Brazil,medium,organic,True
352,2024-10-02,UK,low,organic,True
353,2024-05-06,Australia,low,ads,True
354,2022-05-10,USA,low,email,True
355,2021-06-03,Brazil,medium,ads,True
356,2024-04-22,USA,low,referral,True
357,2020-09-06,Mexico,low,ads,True
358,2024-03-01,USA,low,organic,True
359,2024-11-25,USA,low,organic,False
360,2024-02-20,UK,low,organic,True
361,2023-07-20,Germany,low,organic,True
362,2024-04-23,USA,medium,referral,True
363,2023-10-18,Canada,low,referral,False
364,2024-01-22,UK,medium,social,True
365,2024-11-26,UK,low,organic,True
366,2023-07-17,Canada,medium,ads,True
367,2024-12-08,USA,medium,ads,True
368,2024-11-03,Germany,low,ads,True
369,2022-08-05,USA,low,organic,True
370,2021-05-28,Australia,low,organic,False
371,2021-10-15,UK,high,organic,True
372,2020-06-30,Germany,low,organic,True
373,2021-09-19,Germany,low,ads,True
374,2024-05-26,Canada,high,email,True
375,2021-06-06,UK,medium,organic,False
376,2023-04-07,USA,low,email,True
377,2024-09-24,Canada,low,social,True
378,2020-08-11,USA,medium,referral,True
379,2024-09-04,USA,low,email,True
380,2023-02-02,France,medium,referral,True
381,2021-12-19,Germany,low,organic,True
382,2024-06-07,USA,medium,organic,True
383,2024-04-10,USA,medium,referral,True
384,2024-10-16,UK,low,referral,False
385,2024-07-07,UK,low,organic,True
386,2024-08-27,USA,low,email,True
387,2023-02-02,USA,low,social,True
388,2022-06-19,UK,medium,ads,True
389,2024-07-19,Mexico,medium,referral,True
390,2024-08-29,Canada,low,organic,False
391,2024-12-25,Australia,low,referral,True
392,2023-08-22,Canada,medium,organic,True
393,2023-06-27,USA,low,organic,True
394,2024-08-07,UK,low,email,True
395,2023-05-12,USA,medium,ads,False
396,2024-11-19,USA,low,referral,True
397,2024-10-04,UK,high,ads,True
398,2023-09-12,Canada,low,referral,False
399,2024-07-19,Canada,medium,organic,True
400,2024-07-22,UK,high,organic,True
401,2021-10-24,UK,medium,referral,False
402,2024-11-01,USA,low,referral,True
403,2023-12-10,UK,high,ads,True
404,2024-09-12,Australia,medium,ads,True
405,2023-04-09,France,high,organic,True
406,2024-10-28,USA,low,email,True
407,2023-07-21,USA,high,social,False
408,2020-04-24,UK,medium,referral,True
409,2024-11-03,Canada,low,organic,True
410,2021-09-06,USA,low,ads,True
411,2023-04-07,France,low,organic,True
412,2024-12-01,Germany,medium,referral,True
413,2024-12-01,Canada,low,referral,False
414,2024-02-18,USA,medium,organic,True
415,2024-04-13,USA,medium,ads,False
416,2023-10-06,USA,medium,organic,True
417,2023-02-22,USA,low,ads,True
418,2023-04-22,UK,low,ads,True
419,2024-05-18,France,low,referral,True
420,2024-07-20,USA,medium,referral,False
421,2024-08-18,UK,low,organic,True
422,2024-08-17,Canada,low,email,True
423,2021-09-06,USA,medium,ads,False
424,2023-11-28,Canada,medium,email,True
425,2021-03-27,UK,low,referral,True
426,2024-01-26,USA,low,organic,True
427,2023-09-27,Canada,low,referral,True
428,2024-10-23,USA,low,referral,False
429,2023-05-27,Germany,low,email,True
430,2021-12-15,Germany,low,organic,False
431,2022-03-12,USA,low,ads,True
432,2024-07-27,UK,low,organic,True
433,2024-03-31,USA,low,organic,True
434,2021-10-16,Mexico,high,ads,True
435,2021-08-06,UK,medium,email,True
436,2024-06-10,USA,medium,referral,False
437,2021-06-14,USA,high,organic,True
438,2024-09-09,France,medium,organic,True
439,2024-06-14,UK,medium,referral,True
440,2021-07-24,France,low,referral,True
441,2021-08-09,Canada,medium,organic,True
442,2024-12-23,Brazil,low,organic,True
443,2023-06-30,Canada,medium,email,True
444,2023-06-25,Mexico,medium,social,True
445,2024-09-02,Spain,low,email,True
446,2024-11-29,Canada,high,referral,True
447,2024-12-22,Germany,medium,organic,False
448,2024-07-21,UK,medium,organic,True
449,2023-07-03,France,low,ads,True
450,2021-08-03,UK,low,organic,True
451,2024-08-08,Spain,high,organic,True
452,2024-02-03,Germany,medium,ads,True
453,2023-09-06,UK,high,organic,True
454,2024-11-04,USA,low,ads,True
455,2021-11-24,USA,low,ads,True
456,2023-11-26,Canada,high,ads,False
457,2020-04-29,Germany,medium,ads,True
458,2023-10-30,UK,low,referral,True
459,2021-03-20,Canada,low,organic,True
460,2021-12-22,USA,low,organic,True
461,2021-12-17,USA,medium,organic,True
462,2024-04-28,USA,low,organic,True
463,2024-07-15,USA,low,ads,True
464,2024-02-28,USA,low,referral,False
465,2024-12-08,UK,high,ads,True
466,2023-07-01,USA,low,ads,False
467,2023-02-09,USA,low,ads,True
468,2024-10-10,Canada,low,organic,True
469,2022-10-08,Germany,high,organic,True
470,2024-12-09,USA,medium,email,True
471,2020-05-07,UK,low,referral,True
472,2024-12-13,UK,low,organic,True
473,2021-01-01,UK,low,social,True
474,2024-10-25,USA,medium,organic,True
475,2024-01-03,UK,low,referral,False
476,2024-12-26,Australia,medium,organic,True
477,2021-06-19,Canada,high,ads,True
478,2024-01-30,Canada,medium,organic,True
479,2024-12-12,Spain,low,organic,True
480,2023-12-29,Germany,low,referral,False
481,2024-04-10,UK,low,referral,True
482,2024-06-06,USA,low,referral,True
483,2023-10-13,UK,low,ads,True
484,2024-04-09,Germany,medium,referral,True
485,2024-02-29,Spain,low,ads,True
486,2024-10-31,Mexico,medium,ads,True
487,2021-01-15,UK,high,organic,True
488,2023-01-31,Germany,medium,organic,True
489,2024-12-01,UK,low,ads,True
490,2024-10-25,Canada,medium,email,True
491,2023-10-14,USA,high,referral,True
492,2024-04-02,USA,low,organic,True
493,2023-01-24,UK,low,referral,True
494,2022-07-16,USA,high,organic,True
495,2023-10-24,USA,low,organic,True
496,2023-05-31,Canada,low,ads,True
497,2024-02-28,UK,medium,ads,True
498,2021-07-08,USA,medium,ads,True
499,2024-12-16,UK,medium,email,True
500,2024-12-22,USA,low,organic,True
501,2024-06-08,Canada,low,referral,True
502,2024-01-12,USA,high,organic,True
503,2023-03-22,UK,medium,referral,True
504,2024-09-03,Canada,low,organic,True
505,2024-05-28,USA,low,ads,True
506,2022-05-09,Canada,high,ads,True
507,2024-11-07,USA,low,organic,True
508,2024-09-09,UK,medium,organic,True
509,2024-12-01,USA,low,ads,True
510,2024-06-30,UK,medium,email,True
511,2024-03-27,USA,high,ads,True
512,2023-08-29,USA,low,organic,True
513,2024-11-20,Germany,low,ads,False
514,2024-10-09,UK,high,organic,True
515,2021-01-13,Germany,low,referral,True
516,2020-09-05,France,low,referral,False
517,2023-07-03,USA,medium,organic,True
518,2024-09-01,USA,medium,referral,True
519,2024-12-23,USA,low,email,True
520,2022-04-04,UK,low,referral,False
521,2024-03-09,Japan,low,ads,True
522,2023-07-10,USA,low,referral,True
523,2024-12-13,Canada,medium,ads,True
524,2024-09-23,France,medium,ads,True
525,2024-09-20,Canada,medium,organic,True
526,2023-10-30,Germany,low,organic,False
527,2023-08-24,Mexico,low,ads,False
528,2023-01-17,USA,medium,email,True
529,2021-03-20,USA,medium,organic,False
530,2024-10-08,USA,low,referral,False
531,2024-09-02,USA,low,email,True
532,2024-12-30,Canada,medium,organic,True
533,2024-12-29,Canada,low,organic,False
534,2024-02-01,USA,low,referral,False
535,2024-08-02,Canada,low,email,True
536,2024-11-28,Germany,low,organic,True
537,2024-09-28,USA,low,organic,True
538,2022-11-27,Canada,low,email,True
539,2023-10-08,Germany,medium,organic,True
540,2022-01-26,USA,low,ads,True
541,2024-12-03,France,high,ads,True
542,2024-03-20,Mexico,low,organic,True
543,2022-10-19,USA,low,organic,True
544,2024-05-17,USA,medium,organic,True
545,2024-03-31,USA,low,referral,False
546,2023-06-07,Canada,low,organic,True
547,2021-12-03,Mexico,medium,organic,True
548,2024-05-17,UK,medium,organic,True
549,2023-12-26,Germany,low,referral,True
550,2024-08-04,USA,medium,referral,True
551,2023-12-26,Canada,medium,organic,True
552,2024-09-29,Canada,low,referral,False
553,2024-01-28,USA,low,organic,True
554,2024-02-06,Germany,high,organic,True
555,2024-10-16,Spain,low,organic,True
556,2023-08-10,Canada,low,referral,False
557,2022-02-11,USA,medium,referral,True
558,2020-09-23,Brazil,low,ads,False
559,2024-07-22,France,high,organic,True
560,2024-04-02,USA,low,referral,True
561,2024-06-13,UK,medium,ads,True
562,2022-09-14,UK,low,organic,False
563,2022-02-19,UK,low,referral,True
564,2020-05-29,USA,low,referral,True
565,2023-05-26,France,low,organic,True
566,2024-03-05,France,medium,ads,True
567,2023-07-25,USA,low,organic,False
568,2023-09-22,Mexico,low,organic,False
569,2024-11-02,Canada,low,ads,False
570,2023-05-23,France,medium,organic,True
571,2023-12-20,Germany,low,organic,False
572,2024-08-12,UK,low,organic,True
573,2023-07-31,Germany,medium,organic,False
574,2024-04-04,Mexico,low,referral,True
575,2024-10-06,USA,medium,ads,False
576,2024-12-01,France,low,organic,False
577,2022-03-25,UK,medium,organic,True
578,2024-11-17,UK,high,social,True
579,2023-11-26,UK,medium,ads,True
580,2022-12-19,Germany,low,ads,True
581,2023-10-19,USA,high,email,True
582,2024-12-19,Spain,low,ads,False
583,2023-11-26,France,low,organic,False
584,2023-04-23,USA,medium,organic,True
585,2024-04-14,Spain,medium,ads,True
586,2022-11-13,USA,medium,ads,False
587,2021-06-29,UK,low,ads,True
588,2022-01-25,Canada,low,ads,True
589,2022-01-23,UK,low,organic,True
590,2022-04-08,USA,low,organic,True
591,2022-02-27,Spain,low,social,True
592,2024-04-21,USA,medium,ads,True
593,2022-06-30,USA,low,organic,True
594,2023-05-19,France,low,ads,True
595,2024-10-29,USA,high,ads,True
596,2023-11-05,Spain,low,ads,True
597,2024-05-14,Germany,low,organic,True
598,2022-06-05,USA,medium,referral,True
599,2022-07-27,USA,medium,social,True
600,2020-12-17,Mexico,medium,organic,True
601,2022-05-27,USA,low,organic,True
602,2023-01-27,Germany,low,email,True
603,2022-06-18,UK,low,ads,True
604,2021-08-26,Germany,low,organic,True
605,2021-12-28,Canada,low,organic,True
606,2023-10-21,Canada,medium,ads,True
607,2022-08-30,UK,medium,ads,True
608,2023-06-16,France,low,referral,True
609,2023-12-08,USA,medium,ads,True
610,2024-06-02,USA,medium,organic,True
611,2020-12-06,Canada,medium,referral,True
612,2024-08-24,USA,low,organic,False
613,2024-04-09,Canada,medium,organic,True
614,2021-07-26,UK,low,organic,False
615,2024-10-14,UK,low,organic,True
616,2024-11-13,UK,high,organic,True
617,2021-04-15,Germany,medium,ads,True
618,2023-01-24,USA,low,ads,True
619,2024-08-29,Germany,low,organic,True
620,2024-07-17,USA,low,referral,True
621,2022-07-07,USA,high,referral,True
622,2022-09-06,USA,medium,referral,True
623,2023-06-25,USA,medium,ads,True
624,2023-11-17,USA,low,organic,True
625,2024-03-31,UK,low,referral,False
626,2023-06-23,Germany,low,organic,True
627,2023-10-23,USA,low,referral,True
628,2024-07-17,USA,low,ads,True
629,2020-11-19,UK,low,email,True
630,2022-12-08,Germany,low,social,True
631,2024-06-20,Brazil,medium,organic,True
632,2024-10-28,UK,low,organic,True
633,2023-12-17,USA,low,referral,True
634,2024-01-08,USA,medium,ads,True
635,2021-11-09,USA,medium,referral,True
636,2023-10-04,USA,low,organic,True
637,2024-01-08,USA,low,referral,False
638,2022-11-17,USA,medium,organic,True
639,2023-01-09,UK,medium,ads,True
640,2023-07-04,USA,high,social,True
641,2020-07-16,Brazil,low,organic,True
642,2023-04-12,Canada,low,ads,True
643,2022-09-11,Canada,medium,organic,True
644,2023-04-21,USA,low,referral,True
645,2021-12-25,Spain,medium,ads,True
646,2024-10-25,UK,low,referral,False
647,2024-03-09,Spain,low,ads,True
648,2024-05-23,Canada,low,ads,True
649,2024-08-16,UK,medium,organic,True
650,2023-12-03,UK,medium,ads,True
651,2021-08-18,USA,low,organic,True
652,2024-01-13,USA,medium,email,True
653,2024-03-02,Mexico,high,referral,True
654,2024-07-15,UK,low,ads,False
655,2023-09-15,France,medium,ads,True
656,2022-01-21,UK,low,ads,True
657,2023-02-05,USA,low,referral,True
658,2023-06-14,Canada,medium,organic,True
659,2024-04-25,USA,medium,ads,True
660,2024-02-16,USA,low,organic,True
661,2023-06-04,Canada,low,ads,True
662,2024-12-23,USA,low,referral,True
663,2024-03-20,Japan,medium,ads,True
664,2022-11-06,USA,low,organic,True
665,2021-10-19,Germany,medium,ads,True
666,2022-04-11,Canada,low,email,True
667,2022-11-25,France,low,email,True
668,2022-05-04,USA,medium,referral,True
669,2022-07-12,UK,medium,email,True
670,2023-02-08,UK,low,organic,False
671,2022-06-08,UK,low,ads,False
672,2024-10-29,Spain,low,referral,False
673,2021-07-19,Japan,low,organic,False
674,2023-12-31,USA,medium,ads,True
675,2023-08-19,Canada,low,organic,True
676,2024-12-20,Canada,high,organic,True
677,2021-11-27,Germany,low,social,True
678,2023-08-02,Mexico,low,organic,True
679,2024-12-13,USA,low,organic,False
680,2024-10-08,USA,medium,referral,True
681,2024-09-05,Canada,medium,ads,True
682,2022-12-18,USA,high,organic,True
683,2022-06-01,USA,low,organic,True
684,2024-05-14,USA,low,ads,True
685,2024-11-18,USA,medium,organic,True
686,2024-02-02,UK,low,ads,False
687,2024-02-17,Canada,low,ads,False
688,2023-01-29,USA,medium,organic,True
689,2024-08-02,USA,low,ads,True
690,2022-07-14,Germany,low,email,False
691,2023-04-14,Germany,low,organic,True
692,2023-09-07,UK,medium,referral,True
693,2023-12-13,Canada,medium,email,True
694,2022-11-17,Australia,medium,ads,True
695,2021-12-07,France,medium,organic,True
696,2024-03-24,Canada,medium,ads,True
697,2023-02-14,Canada,low,ads,True
698,2024-02-26,Australia,high,organic,True
699,2022-04-15,UK,medium,ads,True
700,2023-11-13,UK,low,referral,True
701,2024-01-08,Canada,medium,organic,True
702,2021-02-22,Australia,low,organic,True
703,2023-05-05,France,high,referral,True
704,2022-02-13,USA,low,organic,True
705,2021-04-27,USA,medium,organic,True
706,2024-12-25,USA,low,organic,True
707,2023-04-12,Germany,medium,referral,True
708,2024-08-31,Canada,medium,ads,True
709,2022-12-12,USA,low,referral,True
710,2024-05-25,USA,low,organic,True
711,2024-07-26,Canada,low,referral,True
712,2024-03-10,Canada,medium,ads,True
713,2023-11-02,Mexico,low,organic,True
714,2023-08-21,UK,low,referral,True
715,2023-05-24,UK,low,email,False
716,2024-11-18,USA,low,referral,True
717,2024-09-15,USA,high,ads,True
718,2024-12-10,UK,low,organic,True
719,2022-01-10,USA,low,referral,True
720,2024-07-04,USA,medium,social,True
721,2024-11-24,USA,low,organic,True
722,2022-06-29,Mexico,low,referral,True
723,2021-05-14,France,low,organic,True
724,2024-07-12,Canada,medium,organic,True
725,2024-02-19,Mexico,medium,email,True
726,2024-09-22,Japan,low,organic,True
727,2022-03-02,Canada,low,email,True
728,2024-08-21,USA,low,organic,False
729,2022-08-19,USA,low,ads,False
730,2022-05-12,Germany,medium,ads,True
731,2022-05-14,UK,high,referral,True
732,2024-09-04,Canada,low,organic,False
733,2024-05-12,Australia,low,ads,True
734,2023-12-29,USA,medium,organic,True
735,2023-06-08,Canada,low,ads,True
736,2024-10-16,Canada,low,ads,False
737,2023-07-26,UK,low,ads,False
738,2024-09-05,USA,medium,ads,True
739,2023-09-24,USA,medium,organic,True
740,2023-07-04,USA,medium,ads,True
741,2023-10-23,Canada,low,ads,True
742,2023-03-08,Spain,low,email,True
743,2024-07-17,USA,medium,referral,False
744,2023-12-07,Canada,medium,social,True
745,2022-10-27,USA,low,email,True
746,2024-10-30,Mexico,medium,referral,True
747,2023-07-14,France,low,referral,True
748,2024-01-20,Canada,low,referral,False
749,2024-11-04,UK,medium,ads,True
750,2024-04-06,USA,medium,ads,True
751,2021-12-15,USA,low,referral,False
752,2024-11-25,Brazil,medium,referral,True
753,2024-04-09,UK,low,ads,True
754,2023-05-02,UK,low,ads,False
755,2022-02-28,Brazil,low,organic,True
756,2024-08-20,Canada,low,organic,False
757,2024-04-02,UK,high,ads,True
758,2024-01-09,UK,low,ads,False
759,2024-10-27,USA,medium,referral,False
760,2024-08-16,UK,medium,referral,True
761,2022-04-07,Germany,low,organic,False
762,2023-03-26,Canada,medium,ads,True
763,2022-11-30,Germany,medium,social,False
764,2024-07-14,USA,low,email,True
765,2020-10-28,UK,high,ads,True
766,2024-02-15,Australia,medium,organic,True
767,2024-07-28,UK,medium,referral,True
768,2024-10-16,Canada,low,organic,True
769,2023-05-13,USA,low,ads,False
770,2024-09-08,Brazil,medium,ads,True
771,2021-11-22,Canada,low,organic,True
772,2024-09-26,USA,low,organic,False
773,2022-01-21,USA,low,organic,False
774,2023-08-01,Canada,low,ads,True
775,2024-08-22,Canada,medium,organic,True
776,2022-04-02,USA,low,email,False
777,2022-10-20,Japan,high,ads,True
778,2024-06-27,Australia,low,organic,True
779,2024-06-25,UK,low,organic,True
780,2024-04-21,USA,low,ads,True
781,2024-06-04,France,high,organic,True
782,2024-01-19,UK,low,referral,True
783,2022-12-06,Germany,high,organic,True
784,2023-05-19,UK,low,ads,True
785,2022-06-30,USA,medium,social,True
786,2024-11-05,France,low,referral,True
787,2024-02-28,Brazil,low,email,True
788,2023-08-06,USA,low,email,False
789,2023-10-22,Canada,medium,social,True
790,2024-11-29,UK,low,ads,True
791,2022-04-12,Australia,low,ads,True
792,2024-03-02,UK,low,ads,True
793,2023-12-11,Spain,low,email,True
794,2024-03-25,Spain,low,referral,True
795,2020-06-29,USA,low,referral,True
796,2024-10-13,France,medium,organic,True
797,2024-11-20,UK,medium,organic,True
798,2024-02-10,Australia,low,email,False
799,2024-06-07,UK,low,organic,True
800,2024-11-14,France,medium,referral,True
801,2024-06-15,USA,medium,email,False
802,2022-04-10,USA,high,organic,True
803,2024-02-21,Canada,medium,ads,True
804,2024-03-21,Japan,high,referral,True
805,2023-09-05,UK,low,organic,True
806,2024-07-08,USA,medium,ads,True
807,2024-11-21,UK,low,organic,True
808,2024-11-16,USA,low,organic,False
809,2023-10-09,Canada,medium,ads,True
810,2021-12-01,UK,low,social,True
811,2024-12-22,UK,high,organic,True
812,2024-09-20,USA,low,ads,True
813,2022-01-11,USA,low,organic,False
814,2024-11-13,Canada,medium,referral,True
815,2024-10-11,Canada,low,referral,True
816,2023-12-25,USA,medium,organic,True
817,2024-03-06,Germany,low,referral,True
818,2023-08-03,USA,medium,email,True
819,2021-03-11,Germany,low,ads,True
820,2023-05-03,Germany,high,email,True
821,2024-08-26,France,low,ads,False
822,2020-02-21,UK,low,email,True
823,2023-04-30,Canada,low,ads,True
824,2023-08-02,France,low,referral,True
825,2024-01-13,Brazil,medium,referral,True
826,2024-11-12,UK,low,organic,True
827,2023-05-20,USA,low,referral,True
828,2023-05-21,UK,medium,ads,True
829,2024-07-09,Canada,low,referral,True
830,2023-10-10,Spain,high,organic,True
831,2022-10-10,Spain,medium,ads,False
832,2023-10-11,UK,low,organic,False
833,2022-03-05,UK,low,organic,True
834,2022-06-16,UK,medium,ads,False
835,2023-12-03,Germany,low,organic,True
836,2023-08-30,UK,low,referral,True
837,2024-11-09,Canada,medium,referral,True
838,2023-06-13,USA,medium,organic,True
839,2024-02-25,UK,low,organic,True
840,2024-04-13,Mexico,low,ads,True
841,2020-05-15,USA,low,organic,True
842,2024-05-10,Canada,medium,ads,True
843,2022-06-20,Canada,low,referral,False
844,2024-12-08,Spain,low,ads,True
845,2022-03-29,Spain,low,ads,True
846,2023-08-24,Spain,high,organic,True
847,2021-08-11,UK,medium,organic,False
848,2024-12-29,USA,low,referral,True
849,2023-12-07,Germany,low,organic,True
850,2024-03-10,Germany,low,ads,True
851,2021-05-17,Spain,low,social,True
852,2024-07-18,USA,high,referral,True
853,2022-09-07,USA,medium,referral,True
854,2024-10-30,Canada,low,organic,True
855,2022-08-27,Australia,high,ads,True
856,2022-07-23,Japan,medium,organic,True
857,2020-11-18,Germany,medium,referral,False
858,2023-11-03,UK,medium,organic,True
859,2024-02-10,USA,low,referral,True
860,2021-05-10,Canada,low,ads,True
861,2024-08-07,Spain,low,email,True
862,2023-10-12,UK,low,organic,False
863,2023-12-31,Canada,low,referral,False
864,2023-09-26,Australia,low,organic,False
865,2023-08-06,USA,low,organic,True
866,2024-02-05,France,low,referral,True
867,2022-04-18,USA,low,organic,True
868,2022-07-01,UK,low,organic,True
869,2024-10-06,USA,low,organic,True
870,2024-11-29,UK,low,organic,True
871,2023-06-29,Canada,low,organic,True
872,2023-01-12,France,low,email,True
873,2024-04-23,USA,low,organic,True
874,2023-08-16,USA,high,organic,True
875,2020-08-28,Spain,low,referral,True
876,2022-04-21,Canada,low,organic,True
877,2024-06-22,USA,low,ads,False
878,2024-05-06,Australia,low,ads,False
879,2020-09-10,USA,low,organic,True
880,2022-10-05,UK,low,ads,True
881,2022-10-24,USA,medium,ads,True
882,2024-05-17,USA,high,ads,True
883,2020-07-13,USA,low,referral,True
884,2021-10-28,France,medium,organic,True
885,2024-08-24,Australia,low,referral,True
886,2022-06-22,Canada,low,ads,True
887,2024-05-01,USA,high,ads,True
888,2022-11-08,UK,high,organic,True
889,2021-10-09,USA,low,referral,True
890,2022-11-19,Canada,low,organic,True
891,2024-06-27,Canada,low,referral,True
892,2024-10-02,UK,high,referral,True
893,2024-09-14,USA,low,organic,True
894,2023-08-01,France,medium,referral,True
895,2024-05-14,USA,medium,ads,True
896,2022-08-27,UK,high,referral,True
897,2023-02-22,UK,low,referral,False
898,2024-10-28,USA,low,organic,True
899,2020-05-15,Canada,low,referral,True
900,2021-08-12,Canada,low,organic,True
901,2022-09-02,Japan,medium,ads,False
902,2020-09-06,USA,low,organic,True
903,2022-06-29,Brazil,low,organic,True
904,2024-02-28,Canada,low,referral,True
905,2023-09-02,USA,medium,organic,True
906,2024-10-26,Canada,low,organic,False
907,2024-09-06,Canada,low,ads,False
908,2023-05-13,Germany,high,ads,True
909,2022-12-21,USA,low,ads,True
910,2023-07-08,Canada,low,ads,True
911,2024-03-05,UK,low,organic,False
912,2023-01-07,Australia,low,referral,True
913,2024-04-06,USA,medium,ads,True
914,2023-08-17,France,low,email,False
915,2024-01-28,Canada,low,organic,False
916,2023-09-21,UK,low,ads,True
917,2023-02-24,Canada,low,organic,True
918,2024-11-30,Canada,medium,ads,True
919,2024-07-29,Canada,high,organic,True
920,2022-03-03,Germany,high,email,True
921,2024-10-10,Canada,low,organic,True
922,2023-11-20,France,low,ads,False
923,2024-10-27,Canada,medium,organic,False
924,2024-08-24,Australia,low,organic,True
925,2023-09-07,Canada,low,referral,True
926,2020-08-05,USA,low,ads,True
927,2023-01-08,UK,low,ads,True
928,2024-01-18,Canada,high,ads,True
929,2024-04-14,Germany,medium,ads,False
930,2022-12-18,USA,low,referral,True
931,2022-03-01,USA,medium,organic,True
932,2024-09-18,Germany,low,ads,True
933,2024-12-21,USA,high,organic,True
934,2024-01-01,USA,medium,referral,False
935,2022-06-03,UK,low,organic,False
936,2023-01-15,Brazil,medium,social,True
937,2020-07-02,UK,high,email,True
938,2024-11-09,Australia,low,referral,True
939,2021-12-18,France,medium,email,True
940,2024-02-21,USA,low,ads,True
941,2023-01-18,France,low,ads,True
942,2024-01-30,UK,low,referral,False
943,2024-04-30,France,low,social,True
944,2024-09-14,Germany,low,ads,False
945,2022-08-30,USA,medium,organic,True
946,2020-04-26,USA,high,ads,True
947,2022-02-21,Mexico,low,email,True
948,2024-10-31,USA,high,email,True
949,2024-10-14,Mexico,medium,social,True
950,2024-03-12,Spain,low,email,True
951,2024-03-15,Germany,low,organic,True
952,2024-05-11,Brazil,high,social,True
953,2022-06-13,Mexico,low,referral,False
954,2024-11-09,France,low,organic,False
955,2023-08-30,UK,medium,organic,False
956,2023-07-13,France,medium,social,True
957,2023-12-25,USA,low,social,True
958,2021-01-24,UK,low,organic,True
959,2022-05-19,UK,low,referral,False
960,2024-07-09,Canada,low,referral,True
961,2021-07-31,Canada,low,ads,True
962,2024-03-18,Canada,medium,organic,True
963,2022-11-23,France,medium,organic,True
964,2023-07-21,Mexico,low,organic,True
965,2023-02-14,USA,low,email,True
966,2023-06-03,USA,low,organic,True
967,2024-06-25,USA,low,organic,True
968,2023-03-01,Spain,low,organic,False
969,2024-02-11,Canada,low,organic,True
970,2023-11-07,Australia,high,organic,True
971,2024-05-10,USA,medium,organic,True
972,2024-11-23,USA,low,referral,True
973,2024-07-05,France,medium,referral,True
974,2022-09-19,Australia,medium,ads,False
975,2020-10-11,USA,low,ads,True
976,2022-12-27,UK,low,organic,True
977,2024-03-10,USA,medium,ads,True
978,2021-02-20,Mexico,low,referral,True
979,2023-11-30,USA,low,referral,True
980,2024-03-12,UK,low,email,True
981,2023-05-01,USA,high,referral,True
982,2024-08-03,Spain,low,referral,True
983,2021-11-06,USA,medium,referral,False
984,2021-06-25,UK,low,referral,True
985,2024-07-02,Canada,low,organic,True
986,2023-11-29,Germany,medium,organic,True
987,2024-05-31,Mexico,medium,referral,True
988,2023-09-19,UK,low,organic,False
989,2022-11-25,Germany,medium,referral,True
990,2024-09-07,USA,low,email,True
991,2024-08-24,UK,low,referral,True
992,2024-06-05,USA,low,referral,True
993,2023-01-15,UK,medium,ads,False
994,2024-03-05,UK,low,ads,True
995,2023-06-11,Mexico,low,organic,True
996,2021-09-07,USA,low,ads,True
997,2024-11-11,UK,medium,referral,True
998,2022-02-20,UK,low,ads,True
999,2024-12-01,Mexico,low,organic,False
1000,2023-10-03,Spain,low,ads,False
1001,2022-07-09,USA,low,referral,True
1002,2024-01-18,Canada,high,ads,True
1003,2024-10-13,UK,low,organic,True
1004,2024-07-05,Brazil,low,referral,False
1005,2024-08-29,UK,low,ads,True
1006,2024-05-06,UK,high,referral,True
1007,2024-06-03,USA,low,email,True
1008,2024-09-27,USA,medium,ads,True
1009,2022-12-02,France,low,organic,True
1010,2023-11-23,UK,low,organic,True
1011,2022-10-03,Canada,medium,organic,True
1012,2024-12-23,Canada,low,ads,True
1013,2024-11-27,Canada,medium,organic,True
1014,2020-12-07,USA,medium,referral,True
1015,2024-06-14,France,medium,ads,True
1016,2024-11-16,USA,low,organic,True
1017,2022-06-27,USA,medium,ads,True
1018,2024-02-13,Canada,medium,referral,True
1019,2024-11-10,USA,low,organic,True
1020,2020-10-31,Germany,low,social,True
1021,2024-06-07,USA,medium,ads,True
1022,2023-03-01,USA,low,organic,True
1023,2024-11-15,Spain,low,referral,True
1024,2024-12-14,USA,low,referral,True
1025,2024-11-27,USA,low,ads,True
1026,2023-11-05,Australia,low,organic,False
1027,2024-10-06,USA,high,referral,True
1028,2024-09-24,Spain,low,organic,True
1029,2023-04-07,USA,low,email,False
1030,2024-09-14,USA,low,referral,True
1031,2020-11-21,USA,low,organic,True
1032,2024-03-11,USA,medium,organic,True
1033,2022-10-22,Canada,medium,ads,True
1034,2021-12-28,USA,medium,ads,True
1035,2021-07-04,USA,low,ads,False
1036,2024-06-06,France,low,ads,True
1037,2023-05-10,USA,low,social,True
1038,2024-06-29,USA,medium,ads,True
1039,2021-05-08,USA,low,referral,True
1040,2023-04-01,USA,low,organic,True
1041,2024-01-15,Germany,low,organic,True
1042,2024-08-18,UK,medium,ads,True
1043,2023-04-06,Germany,high,ads,True
1044,2024-04-07,UK,low,referral,False
1045,2024-10-22,Germany,low,ads,True
1046,2024-03-29,UK,low,ads,True
1047,2022-10-28,USA,medium,ads,True
1048,2020-08-20,UK,medium,organic,True
1049,2024-10-11,Mexico,low,ads,True
1050,2020-07-26,USA,medium,ads,True
1051,2024-10-14,France,low,referral,False
1052,2024-01-04,Spain,medium,social,True
1053,2024-11-24,UK,low,ads,True
1054,2024-08-23,UK,medium,ads,True
1055,2024-12-29,Mexico,low,referral,True
1056,2023-05-27,USA,medium,organic,True
1057,2024-07-31,UK,low,organic,False
1058,2023-08-07,UK,low,email,False
1059,2023-11-12,Canada,low,ads,False
1060,2024-04-09,UK,low,organic,True
1061,2024-10-14,Australia,low,referral,False
1062,2024-12-21,USA,medium,referral,True
1063,2024-08-01,USA,medium,ads,True
1064,2023-08-28,Canada,low,organic,False
1065,2023-09-02,USA,medium,organic,True
1066,2024-07-09,USA,medium,organic,True
1067,2022-11-10,Canada,low,ads,True
1068,2021-11-21,UK,low,ads,True
1069,2023-06-02,USA,medium,email,True
1070,2023-02-11,Japan,low,referral,True
1071,2023-02-27,UK,low,organic,True
1072,2022-10-30,UK,low,organic,True
1073,2020-12-25,Canada,low,organic,True
1074,2020-06-27,USA,low,referral,True
1075,2024-12-23,Germany,medium,ads,True
1076,2023-09-10,Spain,medium,organic,True
1077,2023-07-14,Canada,medium,ads,True
1078,2024-05-24,Germany,high,organic,True
1079,2022-09-26,Germany,low,organic,True
1080,2024-12-01,USA,high,ads,True
1081,2024-08-14,UK,low,ads,True
1082,2021-08-29,USA,low,ads,True
1083,2023-08-28,USA,low,organic,True
1084,2024-10-17,UK,medium,referral,True
1085,2024-11-28,UK,high,organic,True
1086,2023-10-28,USA,high,organic,True
1087,2024-03-27,UK,low,organic,True
1088,2022-05-22,Canada,low,referral,True
1089,2024-12-25,UK,low,ads,True
1090,2022-10-26,USA,medium,ads,True
1091,2024-11-26,Australia,low,organic,True
1092,2024-04-28,USA,low,social,True
1093,2024-03-22,France,low,referral,False
1094,2023-12-18,USA,low,organic,True
1095,2022-10-24,USA,low,referral,True
1096,2022-06-16,Germany,low,referral,True
1097,2022-10-01,France,low,referral,True
1098,2022-07-12,Canada,low,ads,True
1099,2024-08-10,Canada,high,ads,True
1100,2023-05-26,Canada,low,organic,True
1101,2021-03-29,USA,high,ads,True
1102,2024-12-12,USA,low,organic,True
1103,2024-10-20,UK,low,social,True
1104,2024-11-17,Canada,low,ads,False
1105,2024-12-28,Germany,medium,email,True
1106,2022-06-09,Spain,low,ads,True
1107,2023-07-31,Germany,low,social,True
1108,2024-07-25,Mexico,low,organic,False
1109,2024-06-06,Canada,high,email,True
1110,2022-04-14,UK,low,referral,True
1111,2024-09-04,Canada,low,ads,False
1112,2022-10-10,USA,low,organic,True
1113,2022-10-09,Canada,low,social,True
1114,2024-01-13,USA,low,organic,True
1115,2024-03-08,USA,low,referral,False
1116,2024-02-25,France,high,email,True
1117,2021-09-07,UK,low,referral,False
1118,2024-10-16,Germany,low,ads,True
1119,2023-01-02,Canada,low,organic,False
1120,2022-01-27,France,medium,organic,True
1121,2024-10-24,France,medium,organic,True
1122,2024-12-04,Brazil,low,organic,True
1123,2024-10-06,France,low,ads,True
1124,2024-08-31,Canada,low,email,True
1125,2024-05-03,Canada,low,organic,True
1126,2024-01-27,USA,low,referral,True
1127,2021-08-18,Australia,medium,ads,True
1128,2023-08-16,France,low,ads,False
1129,2023-06-28,USA,high,referral,True
1130,2022-12-22,USA,low,ads,True
1131,2024-06-28,Germany,low,referral,True
1132,2023-11-30,USA,low,referral,True
1133,2021-07-23,USA,medium,organic,True
1134,2022-10-01,USA,low,referral,True
1135,2024-05-27,Spain,low,ads,False
1136,2021-06-30,Canada,medium,email,False
1137,2024-09-29,UK,low,referral,True
1138,2023-11-29,USA,medium,organic,True
1139,2023-11-13,Canada,low,ads,True
1140,2024-03-07,USA,high,organic,True
1141,2024-09-11,Germany,low,ads,True
1142,2023-05-22,USA,low,organic,True
1143,2024-05-22,UK,low,organic,True
1144,2024-02-11,USA,medium,ads,False
1145,2023-01-05,UK,low,social,True
1146,2024-10-17,Germany,low,organic,True
1147,2024-08-22,Germany,low,organic,False
1148,2024-05-06,Canada,low,organic,True
1149,2024-09-28,USA,low,organic,True
1150,2024-10-09,USA,high,organic,True
1151,2024-06-16,USA,high,organic,True
1152,2024-09-19,Canada,low,referral,True
1153,2024-06-07,Canada,high,referral,True
1154,2024-05-24,USA,low,ads,False
1155,2024-04-01,Canada,low,ads,True
1156,2024-07-21,UK,high,organic,True
1157,2022-04-28,UK,low,ads,True
1158,2024-10-18,USA,medium,email,True
1159,2024-10-12,Germany,medium,organic,True
1160,2020-09-27,USA,low,organic,False
1161,2024-09-11,UK,medium,organic,True
1162,2022-01-25,USA,low,ads,True
1163,2023-05-03,Canada,low,ads,True
1164,2024-07-14,UK,medium,referral,True
1165,2022-05-04,Canada,medium,organic,True
1166,2024-09-06,USA,low,referral,True
1167,2024-09-16,UK,low,referral,True
1168,2023-12-13,Canada,medium,organic,True
1169,2020-03-11,USA,low,organic,True
1170,2023-02-11,USA,low,email,True
1171,2024-03-30,USA,low,social,False
1172,2024-12-20,USA,medium,ads,True
1173,2024-04-13,USA,low,ads,True
1174,2022-12-22,USA,low,organic,False
1175,2024-04-14,USA,low,organic,False
1176,2024-01-16,Germany,medium,social,True
1177,2024-08-10,USA,low,ads,False
1178,2021-11-08,UK,low,organic,False
1179,2024-07-27,Germany,low,organic,True
1180,2024-01-17,UK,low,referral,True
1181,2024-12-09,France,medium,organic,True
1182,2023-05-13,France,high,ads,True
1183,2024-04-13,USA,low,organic,True
1184,2024-11-20,Spain,medium,ads,True
1185,2021-10-22,USA,low,ads,False
1186,2024-11-23,USA,medium,social,True
1187,2024-05-30,Australia,low,organic,True
1188,2021-05-20,Spain,low,social,True
1189,2023-03-07,Canada,medium,ads,True
1190,2024-06-16,Canada,medium,ads,True
1191,2021-05-18,Germany,medium,organic,True
1192,2024-02-27,UK,low,email,True
1193,2023-05-19,USA,medium,organic,True
1194,2024-04-03,USA,low,ads,True
1195,2021-01-17,USA,low,referral,False
1196,2024-10-12,France,low,organic,True
1197,2024-12-15,Canada,medium,organic,True
1198,2024-12-12,France,low,social,True
1199,2024-07-18,Australia,high,ads,True
1200,2022-01-29,USA,low,organic,True
1201,2024-07-25,France,low,organic,True
1202,2020-08-22,USA,high,referral,True
1203,2020-08-02,Canada,low,referral,True
1204,2023-04-14,UK,low,ads,False
1205,2023-11-22,UK,low,ads,True
1206,2024-08-03,USA,low,referral,False
1207,2024-05-27,USA,low,ads,True
1208,2023-10-03,USA,low,ads,True
1209,2023-01-18,USA,medium,organic,True
1210,2024-12-29,UK,low,ads,True
1211,2023-09-08,USA,medium,organic,True
1212,2023-10-09,UK,low,email,True
1213,2022-05-12,Australia,low,social,True
1214,2024-08-21,USA,medium,referral,True
1215,2024-06-04,Germany,low,organic,True
1216,2022-10-02,France,low,ads,True
1217,2021-07-29,France,medium,ads,True
1218,2024-05-24,USA,medium,email,False
1219,2024-05-02,USA,medium,ads,True
1220,2023-01-17,USA,low,ads,True
1221,2024-12-01,Canada,low,referral,True
1222,2022-04-06,Germany,medium,ads,True
1223,2023-09-16,Canada,low,email,True
1224,2024-11-27,USA,low,organic,False
1225,2023-08-31,Germany,low,organic,True
1226,2024-04-18,UK,high,ads,True
1227,2023-08-02,Germany,medium,organic,False
1228,2023-01-19,Germany,low,ads,True
1229,2024-12-21,UK,high,organic,True
1230,2023-08-17,Australia,low,email,False
1231,2024-10-27,Canada,low,ads,False
1232,2022-10-22,Canada,low,referral,True
1233,2022-09-15,Canada,medium,social,True
1234,2020-10-11,Spain,low,ads,True
1235,2024-04-30,Canada,medium,ads,True
1236,2023-06-22,USA,low,ads,False
1237,2024-10-08,USA,medium,organic,False
1238,2023-11-04,UK,low,ads,True
1239,2024-12-12,USA,low,social,False
1240,2022-07-10,USA,low,ads,False
1241,2024-10-10,USA,low,referral,True
1242,2024-08-07,UK,low,email,False
1243,2024-08-03,USA,medium,organic,True
1244,2024-09-24,UK,low,organic,True
1245,2024-07-27,USA,medium,ads,False
1246,2024-04-08,France,low,ads,True
1247,2022-02-02,USA,high,organic,True
1248,2020-10-21,Spain,low,ads,True
1249,2024-11-13,Spain,low,referral,True
1250,2024-03-30,Canada,low,email,True
1251,2024-08-22,UK,low,referral,False
1252,2023-11-14,UK,low,ads,True
1253,2021-12-16,Canada,low,email,True
1254,2022-01-13,France,medium,email,True
1255,2024-05-29,Spain,low,organic,True
1256,2023-09-13,UK,high,ads,True
1257,2022-08-16,France,low,email,True
1258,2023-11-25,Canada,medium,organic,True
1259,2021-05-02,USA,low,email,True
1260,2024-02-27,UK,high,email,True
1261,2023-01-09,USA,low,organic,True
1262,2024-08-23,USA,low,organic,False
1263,2023-03-23,USA,low,email,False
1264,2023-10-14,Spain,medium,organic,True
1265,2020-05-02,USA,low,ads,True
1266,2021-06-12,Germany,medium,organic,True
1267,2023-07-26,UK,low,ads,True
1268,2023-11-12,USA,low,social,True
1269,2024-03-15,USA,medium,referral,True
1270,2023-02-19,UK,low,social,True
1271,2024-06-05,UK,medium,ads,True
1272,2024-10-05,UK,low,organic,True
1273,2024-08-10,USA,low,ads,True
1274,2020-12-09,UK,low,organic,True
1275,2023-11-12,USA,medium,email,True
1276,2021-10-31,UK,medium,organic,True
1277,2022-11-17,USA,medium,ads,True
1278,2024-12-23,Canada,low,social,True
1279,2022-03-10,France,low,organic,True
1280,2023-12-03,Canada,low,organic,True
1281,2024-03-31,USA,high,referral,True
1282,2024-06-11,USA,low,email,True
1283,2024-02-05,Canada,low,social,True
1284,2020-04-14,USA,medium,email,True
1285,2023-04-19,Germany,low,organic,True
1286,2023-12-24,Canada,medium,ads,False
1287,2021-08-22,Australia,low,organic,True
1288,2023-05-27,Spain,low,referral,True
1289,2020-10-26,USA,low,organic,True
1290,2021-07-11,Canada,medium,referral,True
1291,2023-08-01,USA,low,ads,False
1292,2022-02-07,USA,low,ads,True
1293,2024-02-13,Mexico,medium,organic,True
1294,2024-06-01,Canada,medium,ads,True
1295,2024-08-25,UK,low,referral,False
1296,2022-08-15,Canada,medium,organic,True
1297,2022-05-23,Australia,low,ads,True
1298,2021-10-30,USA,low,referral,True
1299,2024-04-17,UK,low,referral,True
1300,2024-06-15,France,low,ads,True
1301,2020-10-14,France,medium,referral,True
1302,2024-11-22,Canada,low,ads,True
1303,2021-02-23,France,medium,ads,False
1304,2024-01-17,Germany,low,ads,False
1305,2024-06-17,Canada,low,organic,True
1306,2024-10-12,UK,medium,organic,False
1307,2024-06-21,Canada,medium,organic,True
1308,2024-08-25,UK,low,referral,True
1309,2023-05-09,UK,low,referral,True
1310,2024-09-04,UK,high,organic,True
1311,2021-07-19,USA,medium,organic,True
1312,2024-10-27,USA,low,ads,True
1313,2024-01-24,Mexico,high,organic,True
1314,2024-09-05,UK,low,email,True
1315,2023-10-10,USA,medium,referral,True
1316,2024-04-23,USA,medium,organic,True
1317,2024-01-02,USA,low,organic,True
1318,2024-07-04,France,low,ads,True
1319,2021-07-25,USA,medium,organic,False
1320,2021-04-11,Germany,low,email,True
1321,2022-11-27,France,low,ads,False
1322,2022-04-30,Spain,low,organic,True
1323,2024-10-12,USA,low,organic,True
1324,2022-09-28,USA,medium,organic,True
1325,2024-12-16,Germany,low,ads,False
1326,2023-05-05,USA,low,referral,True
1327,2022-07-01,UK,low,referral,True
1328,2024-08-17,USA,medium,ads,True
1329,2024-05-06,France,low,ads,True
1330,2023-12-02,Germany,low,referral,True
1331,2024-01-31,France,low,organic,True
1332,2024-06-25,USA,medium,organic,True
1333,2022-10-19,UK,medium,organic,True
1334,2024-12-28,UK,low,ads,True
1335,2024-12-16,Canada,medium,ads,True
1336,2024-04-29,USA,low,organic,True
1337,2022-08-14,UK,low,email,True
1338,2024-05-24,USA,low,organic,False
1339,2021-06-11,Germany,low,ads,True
1340,2020-10-07,UK,medium,ads,True
1341,2022-12-18,UK,low,ads,False
1342,2023-10-23,USA,low,organic,True
1343,2024-10-10,France,low,referral,True
1344,2024-07-01,UK,medium,referral,True
1345,2024-07-13,France,low,organic,True
1346,2023-09-07,UK,low,organic,True
1347,2023-05-19,Mexico,low,ads,True
1348,2023-06-26,Brazil,low,ads,True
1349,2024-12-23,UK,medium,organic,True
1350,2020-12-12,USA,medium,organic,True
1351,2024-10-09,UK,low,organic,True
1352,2024-02-23,UK,medium,ads,True
1353,2023-09-24,Mexico,high,organic,True
1354,2024-06-29,France,low,referral,True
1355,2023-11-19,France,low,referral,True
1356,2024-10-14,USA,medium,social,False
1357,2024-10-31,USA,low,ads,False
1358,2023-09-02,Canada,medium,ads,True
1359,2023-01-23,Spain,medium,organic,True
1360,2024-03-07,Canada,high,organic,True
1361,2024-11-08,USA,low,organic,True
1362,2022-09-09,France,low,email,True
1363,2024-04-05,Spain,medium,organic,True
1364,2024-04-12,USA,low,ads,False
1365,2024-07-06,Germany,high,email,True
1366,2022-02-03,USA,medium,ads,True
1367,2024-06-22,Australia,low,organic,False
1368,2024-11-05,USA,low,ads,True
1369,2022-06-25,UK,medium,organic,True
1370,2022-11-07,Mexico,high,email,True
1371,2024-12-14,USA,low,organic,False
1372,2022-06-28,UK,medium,email,False
1373,2024-10-01,USA,high,organic,True
1374,2023-11-26,USA,high,organic,True
1375,2022-11-27,USA,low,organic,False
1376,2024-10-12,UK,medium,organic,True
1377,2023-10-02,USA,low,referral,False
1378,2023-12-20,Japan,low,referral,True
1379,2023-06-08,UK,medium,ads,True
1380,2024-03-08,USA,low,ads,True
1381,2022-05-12,Australia,low,ads,True
1382,2023-07-24,France,low,email,True
1383,2024-12-13,Canada,medium,email,True
1384,2022-12-19,France,low,referral,True
1385,2024-05-04,USA,low,referral,True
1386,2023-04-17,USA,low,referral,True
1387,2024-08-05,France,low,ads,True
1388,2022-02-01,Canada,high,organic,True
1389,2024-12-13,USA,low,organic,False
1390,2023-10-12,Germany,low,referral,False
1391,2022-11-04,UK,low,ads,True
1392,2021-06-17,USA,low,organic,False
1393,2022-05-29,USA,low,organic,True
1394,2023-12-26,USA,high,organic,True
1395,2023-05-06,France,low,ads,True
1396,2024-09-14,UK,low,ads,True
1397,2023-09-14,Germany,medium,referral,True
1398,2022-11-30,UK,high,email,True
1399,2024-03-30,USA,medium,social,True
1400,2024-06-15,USA,high,organic,True
1401,2022-05-22,USA,low,ads,True
1402,2022-05-23,USA,medium,organic,True
1403,2020-11-19,UK,medium,organic,False
1404,2024-07-08,France,low,referral,True
1405,2024-05-10,UK,high,referral,True
1406,2023-11-06,USA,medium,referral,True
1407,2024-09-24,Australia,medium,organic,True
1408,2024-08-28,Canada,medium,referral,True
1409,2024-03-01,USA,high,ads,True
1410,2024-10-10,UK,medium,organic,True
1411,2022-08-29,USA,medium,ads,True
1412,2021-11-27,USA,low,ads,True
1413,2023-01-10,UK,low,organic,True
1414,2021-03-24,Canada,low,organic,True
1415,2024-01-07,USA,high,referral,True
1416,2024-11-23,UK,low,organic,False
1417,2020-12-07,Canada,medium,email,True
1418,2022-01-02,USA,low,ads,True
1419,2023-10-10,Brazil,medium,organic,True
1420,2024-11-21,USA,medium,organic,True
1421,2023-04-02,UK,low,ads,True
1422,2023-12-12,UK,high,ads,True
1423,2020-12-21,Brazil,low,ads,True
1424,2022-03-28,Canada,high,ads,True
1425,2024-12-23,UK,low,referral,True
1426,2024-12-10,UK,low,organic,True
1427,2020-02-24,Canada,medium,ads,False
1428,2024-12-02,Brazil,low,organic,True
1429,2024-04-19,USA,low,organic,False
1430,2024-10-10,USA,medium,organic,True
1431,2023-10-13,France,high,organic,True
1432,2023-12-21,USA,medium,ads,True
1433,2023-11-22,Germany,medium,organic,True
1434,2024-05-13,Canada,medium,ads,True
1435,2022-03-01,Germany,low,ads,True
1436,2020-10-02,Germany,low,ads,True
1437,2023-03-19,USA,medium,email,False
1438,2024-06-13,USA,medium,organic,True
1439,2022-08-19,UK,high,email,True
1440,2024-05-18,France,low,referral,True
1441,2024-12-13,USA,low,organic,True
1442,2021-09-17,Germany,medium,referral,True
1443,2024-05-18,UK,medium,ads,True
1444,2023-09-30,Canada,medium,ads,True
1445,2024-10-10,Canada,medium,organic,True
1446,2022-06-18,France,medium,referral,True
1447,2024-06-03,USA,medium,ads,True
1448,2024-09-20,Germany,low,ads,True
1449,2024-11-28,UK,low,organic,True
1450,2024-05-27,USA,medium,ads,True
1451,2023-12-01,USA,medium,ads,True
1452,2024-03-31,USA,medium,social,True
1453,2024-10-11,USA,low,organic,False
1454,2024-02-16,Australia,low,email,True
1455,2020-10-05,UK,low,organic,True
1456,2024-11-19,Brazil,medium,organic,True
1457,2024-06-01,UK,medium,ads,True
1458,2024-05-21,USA,medium,organic,True
1459,2022-09-20,Germany,low,ads,True
1460,2024-05-06,USA,low,social,False
1461,2023-07-28,UK,medium,email,True
1462,2024-04-30,France,low,ads,True
1463,2021-11-06,Spain,low,organic,False
1464,2024-05-05,USA,low,social,True
1465,2024-12-30,USA,low,ads,False
1466,2021-02-01,UK,high,organic,True
1467,2024-12-17,Spain,medium,organic,True
1468,2023-08-14,Germany,medium,ads,True
1469,2024-10-12,Spain,medium,organic,True
1470,2024-08-12,UK,medium,email,True
1471,2024-02-12,Brazil,medium,ads,True
1472,2024-07-10,UK,low,ads,True
1473,2024-10-17,UK,low,ads,True
1474,2023-08-10,Australia,medium,organic,True
1475,2023-04-20,UK,low,referral,False
1476,2024-05-14,France,medium,referral,True
1477,2024-08-30,Germany,medium,organic,True
1478,2024-07-28,USA,medium,ads,True
1479,2024-08-23,Canada,low,organic,False
1480,2023-09-20,France,low,ads,True
1481,2024-09-06,UK,low,organic,True
1482,2021-12-26,USA,medium,organic,True
1483,2024-01-20,USA,high,ads,True
1484,2020-03-04,Canada,medium,ads,False
1485,2023-04-16,USA,low,organic,True
1486,2023-06-19,Canada,high,organic,True
1487,2023-07-31,UK,high,referral,True
1488,2024-06-06,Canada,medium,referral,True
1489,2023-07-20,UK,medium,email,False
1490,2023-10-06,USA,high,ads,True
1491,2022-11-07,Spain,high,organic,True
1492,2023-06-29,UK,low,social,True
1493,2022-10-16,Japan,medium,social,False
1494,2021-06-16,USA,low,referral,True
1495,2024-03-18,Brazil,low,referral,True
1496,2024-05-14,Mexico,low,referral,True
1497,2024-04-01,USA,low,organic,False
1498,2023-10-24,Canada,low,email,False
1499,2023-07-08,UK,low,ads,True
1500,2024-10-07,France,high,email,True
1501,2023-12-25,Canada,low,organic,False
1502,2023-11-11,Mexico,medium,organic,True
1503,2020-08-30,USA,low,organic,True
1504,2023-05-12,Canada,high,ads,True
1505,2023-07-09,France,low,referral,True
1506,2023-08-03,USA,medium,ads,True
1507,2024-02-25,USA,low,ads,False
1508,2024-01-09,Germany,medium,ads,True
1509,2024-03-22,UK,low,ads,False
1510,2024-07-30,UK,medium,referral,True
1511,2024-09-02,Canada,medium,ads,True
1512,2024-06-24,Canada,low,social,False
1513,2024-12-04,Canada,low,ads,True
1514,2020-06-30,Mexico,low,referral,True
1515,2022-08-04,UK,medium,social,True
1516,2020-03-23,Germany,medium,referral,True
1517,2024-04-26,Canada,high,organic,True
1518,2024-10-29,UK,low,referral,True
1519,2022-11-19,UK,medium,organic,True
1520,2024-11-17,Canada,low,referral,True
1521,2021-04-11,USA,low,organic,True
1522,2024-11-21,USA,low,ads,True
1523,2023-05-28,Germany,low,organic,True
1524,2021-10-17,UK,low,referral,True
1525,2023-11-19,UK,medium,organic,True
1526,2022-12-16,Canada,high,ads,True
1527,2023-02-07,USA,low,organic,True
1528,2023-03-18,USA,medium,organic,True
1529,2024-08-26,UK,low,ads,True
1530,2024-01-15,Japan,low,email,True
1531,2023-03-25,USA,low,organic,True
1532,2024-03-24,Australia,low,organic,False
1533,2024-06-22,UK,medium,organic,True
1534,2023-01-16,USA,medium,ads,True
1535,2023-08-23,Spain,medium,referral,False
1536,2022-01-01,UK,medium,ads,True
1537,2022-06-29,Spain,medium,social,True
1538,2024-05-25,UK,low,organic,True
1539,2022-06-29,USA,low,referral,True
1540,2023-12-31,Canada,low,referral,False
1541,2024-06-17,France,low,email,True
1542,2021-11-08,USA,low,ads,True
1543,2024-02-12,USA,high,organic,True
1544,2022-12-16,USA,high,ads,True
1545,2024-12-09,UK,high,ads,True
1546,2023-11-16,Spain,high,organic,True
1547,2024-08-29,Spain,low,ads,False
1548,2024-01-26,Germany,medium,organic,True
1549,2021-01-02,Australia,low,ads,True
1550,2024-04-14,Canada,low,email,True
1551,2024-12-02,France,medium,organic,True
1552,2024-03-16,UK,low,organic,True
1553,2024-09-07,USA,low,referral,True
1554,2024-10-21,USA,low,organic,True
1555,2022-10-18,USA,high,referral,True
1556,2022-09-12,France,low,ads,True
1557,2024-03-25,USA,low,organic,True
1558,2023-08-19,Canada,low,organic,False
1559,2024-09-21,UK,low,organic,True
1560,2024-10-31,France,high,organic,True
1561,2023-05-31,Canada,medium,organic,False
1562,2022-11-06,Canada,low,organic,True
1563,2024-08-10,USA,low,ads,True
1564,2023-01-20,USA,low,referral,True
1565,2024-09-09,Japan,low,organic,False
1566,2023-09-05,Germany,low,ads,True
1567,2024-05-14,UK,low,organic,True
1568,2021-09-24,Germany,low,organic,True
1569,2024-04-05,France,medium,referral,True
1570,2023-10-10,USA,medium,organic,True
1571,2024-03-02,Brazil,medium,referral,False
1572,2022-05-24,Canada,high,referral,True
1573,2024-07-08,UK,low,organic,True
1574,2024-10-07,Canada,medium,email,True
1575,2022-09-23,USA,medium,email,True
1576,2021-09-24,Spain,medium,ads,True
1577,2020-08-14,France,low,email,True
1578,2024-04-22,Canada,low,organic,True
1579,2024-03-21,USA,medium,ads,True
1580,2024-01-23,Mexico,low,ads,True
1581,2022-10-26,UK,high,organic,True
1582,2023-07-23,Australia,medium,referral,True
1583,2024-03-09,USA,low,referral,False
1584,2023-12-01,USA,medium,organic,True
1585,2024-12-23,USA,medium,referral,True
1586,2022-02-19,USA,medium,organic,False
1587,2024-06-05,USA,low,organic,True
1588,2023-08-11,Germany,low,ads,True
1589,2023-09-11,USA,low,ads,True
1590,2024-06-23,Mexico,low,ads,True
1591,2024-06-03,Spain,low,organic,True
1592,2024-12-25,France,medium,ads,True
1593,2022-01-24,USA,low,email,True
1594,2021-10-28,Canada,high,ads,True
1595,2024-06-29,Canada,high,organic,True
1596,2024-02-23,USA,low,ads,True
1597,2023-01-18,USA,low,organic,True
1598,2021-07-15,UK,medium,ads,False
1599,2021-08-13,UK,low,referral,True
1600,2024-10-27,USA,low,referral,True
1601,2022-07-26,Mexico,medium,ads,True
1602,2023-04-14,USA,medium,ads,True
1603,2022-10-15,Canada,low,ads,True
1604,2023-06-02,Germany,low,referral,False
1605,2021-05-28,Canada,medium,ads,True
1606,2023-12-25,France,low,social,True
1607,2021-05-19,Canada,low,referral,False
1608,2024-08-25,France,low,ads,True
1609,2022-10-30,USA,low,referral,True
1610,2024-01-16,USA,medium,referral,True
1611,2024-10-18,Canada,low,organic,False
1612,2024-04-29,Canada,low,email,True
1613,2024-01-09,Canada,high,ads,True
1614,2023-04-15,Germany,low,social,True
1615,2023-04-29,UK,low,referral,True
1616,2024-05-15,Canada,low,referral,True
1617,2024-12-27,UK,low,ads,True
1618,2024-05-09,Canada,medium,organic,True
1619,2024-02-03,USA,medium,ads,True
1620,2024-07-04,Mexico,medium,email,False
1621,2023-10-26,UK,low,referral,False
1622,2021-04-10,France,medium,referral,True
1623,2024-02-07,Canada,medium,organic,True
1624,2024-12-05,USA,low,ads,True
1625,2022-06-13,USA,low,organic,True
1626,2024-06-01,USA,high,ads,True
1627,2022-08-17,UK,medium,referral,True
1628,2024-01-12,UK,low,referral,True
1629,2021-09-28,USA,low,ads,True
1630,2023-10-08,Canada,medium,organic,True
1631,2024-07-23,USA,medium,ads,True
1632,2023-05-22,Germany,low,organic,False
1633,2024-05-11,Germany,high,referral,True
1634,2024-08-21,Spain,low,organic,False
1635,2024-11-17,Brazil,low,organic,True
1636,2022-11-01,USA,high,ads,True
1637,2023-08-04,UK,medium,organic,True
1638,2022-04-10,Canada,high,organic,True
1639,2024-12-26,USA,low,referral,True
1640,2024-11-17,UK,medium,organic,True
1641,2024-01-16,USA,medium,ads,True
1642,2024-09-23,USA,high,referral,True
1643,2023-12-27,USA,low,referral,True
1644,2024-04-05,USA,low,ads,True
1645,2021-08-28,UK,low,ads,True
1646,2024-07-22,Canada,medium,email,False
1647,2022-01-21,USA,low,email,False
1648,2024-09-12,Spain,low,organic,True
1649,2024-08-11,USA,low,referral,False
1650,2024-06-16,USA,high,organic,True
1651,2020-11-15,Canada,low,organic,True
1652,2023-03-11,USA,low,organic,False
1653,2022-12-29,Germany,low,ads,True
1654,2023-06-10,UK,high,referral,True
1655,2021-08-21,UK,medium,referral,True
1656,2024-11-23,UK,low,ads,True
1657,2024-01-30,USA,medium,social,True
1658,2023-03-15,USA,low,organic,True
1659,2023-08-01,Mexico,medium,organic,False
1660,2023-10-04,UK,low,organic,False
1661,2024-03-15,Mexico,medium,organic,True
1662,2023-12-21,USA,medium,organic,True
1663,2024-11-12,UK,low,ads,True
1664,2023-12-01,USA,low,organic,True
1665,2024-12-26,UK,low,email,True
1666,2024-09-29,Spain,medium,organic,False
1667,2022-09-04,Canada,low,ads,False
1668,2024-11-19,UK,medium,organic,True
1669,2021-12-13,UK,low,email,True
1670,2024-09-06,France,medium,ads,True
1671,2023-07-09,UK,medium,referral,False
1672,2024-10-17,Spain,low,ads,False
1673,2024-10-10,Germany,low,ads,True
1674,2024-08-28,Germany,medium,referral,True
1675,2024-08-17,UK,low,referral,False
1676,2023-03-14,UK,low,ads,True
1677,2021-07-22,Canada,low,ads,True
1678,2023-08-09,USA,medium,ads,True
1679,2022-06-08,Canada,medium,organic,False
1680,2024-06-05,USA,medium,ads,True
1681,2023-05-20,UK,low,referral,True
1682,2024-12-16,Germany,low,organic,True
1683,2024-04-21,USA,low,organic,True
1684,2024-09-09,Brazil,low,email,True
1685,2022-02-06,Canada,low,referral,True
1686,2024-10-06,USA,low,organic,False
1687,2024-11-14,Brazil,medium,referral,True
1688,2023-11-20,UK,low,organic,True
1689,2024-03-20,France,low,ads,True
1690,2024-07-30,USA,medium,ads,True
1691,2022-06-12,Australia,low,referral,True
1692,2023-12-07,Germany,low,organic,False
1693,2023-08-03,USA,low,organic,True
1694,2022-03-22,UK,high,social,True
1695,2023-06-21,UK,low,referral,True
1696,2021-05-22,USA,low,ads,False
1697,2020-09-01,USA,low,organic,True
1698,2022-02-15,USA,high,organic,True
1699,2024-12-09,UK,medium,ads,True
1700,2024-01-26,UK,low,organic,True
1701,2024-12-10,Canada,low,referral,True
1702,2023-09-16,UK,low,ads,True
1703,2023-03-26,USA,low,email,True
1704,2023-12-11,Canada,low,ads,False
1705,2023-09-25,USA,low,email,True
1706,2021-11-03,Japan,low,referral,True
1707,2024-04-21,Germany,low,ads,True
1708,2022-09-21,USA,medium,referral,True
1709,2024-04-02,USA,low,organic,False
1710,2024-04-29,France,low,social,False
1711,2022-04-08,UK,low,organic,True
1712,2021-04-17,Germany,low,ads,True
1713,2024-08-10,USA,low,ads,True
1714,2023-10-19,France,low,ads,True
1715,2021-03-30,UK,medium,social,True
1716,2024-12-28,Canada,low,organic,True
1717,2021-03-28,Brazil,low,ads,False
1718,2024-06-05,Canada,low,organic,True
1719,2024-12-21,France,low,organic,False
1720,2022-11-11,Germany,medium,organic,True
1721,2022-03-10,Canada,low,ads,False
1722,2021-12-31,USA,low,organic,True
1723,2023-03-11,UK,low,organic,True
1724,2021-10-16,Mexico,medium,referral,True
1725,2024-06-03,France,medium,referral,True
1726,2021-04-22,Germany,low,organic,True
1727,2023-12-15,Canada,high,referral,True
1728,2024-12-29,Germany,medium,email,True
1729,2024-09-03,Canada,low,referral,False
1730,2024-03-29,USA,low,ads,False
1731,2023-03-17,Canada,medium,ads,True
1732,2024-04-05,Canada,medium,organic,True
1733,2024-01-02,France,medium,organic,False
1734,2023-09-08,USA,low,email,True
1735,2022-01-31,Canada,low,social,True
1736,2024-10-22,USA,low,referral,True
1737,2023-10-07,Mexico,low,referral,False
1738,2022-08-02,USA,low,organic,False
1739,2023-06-21,USA,low,email,True
1740,2023-08-24,USA,medium,organic,True
1741,2024-09-13,USA,medium,organic,True
1742,2024-07-06,Canada,high,ads,True
1743,2024-08-02,UK,medium,organic,True
1744,2020-04-26,Germany,low,ads,True
1745,2023-08-26,Australia,medium,email,True
1746,2023-11-13,Spain,high,organic,True
1747,2020-07-09,Germany,low,organic,False
1748,2022-12-22,USA,medium,referral,True
1749,2024-07-26,USA,medium,organic,True
1750,2022-02-21,USA,low,email,True
1751,2024-01-11,USA,low,organic,False
1752,2022-09-19,Canada,low,email,True
1753,2020-05-06,UK,low,email,True
1754,2022-11-15,USA,low,organic,True
1755,2024-12-16,USA,low,ads,True
1756,2024-08-25,Australia,high,ads,True
1757,2024-12-07,USA,medium,ads,True
1758,2023-11-21,UK,low,organic,True
1759,2021-11-18,Germany,medium,organic,True
1760,2024-01-24,Germany,medium,email,True
1761,2023-10-13,Canada,low,organic,False
1762,2024-09-24,Canada,medium,social,True
1763,2021-10-04,Canada,medium,organic,True
1764,2023-11-21,USA,low,ads,True
1765,2022-04-03,USA,low,social,True
1766,2023-04-16,Canada,low,email,True
1767,2024-07-09,USA,low,ads,True
1768,2023-11-07,Brazil,low,organic,True
1769,2023-07-03,USA,low,ads,True
1770,2023-07-28,USA,low,ads,True
1771,2023-10-19,USA,medium,organic,True
1772,2024-08-13,Germany,high,ads,True
1773,2024-10-26,USA,low,email,True
1774,2024-12-04,USA,medium,organic,True
1775,2024-08-15,Australia,low,referral,True
1776,2023-04-01,France,low,ads,True
1777,2024-05-31,USA,low,ads,True
1778,2023-09-22,USA,medium,referral,True
1779,2022-12-12,Canada,low,ads,True
1780,2024-09-22,UK,low,referral,False
1781,2020-12-01,Brazil,medium,email,True
1782,2024-11-01,France,medium,organic,True
1783,2023-10-21,Mexico,high,organic,True
1784,2024-04-17,France,medium,organic,True
1785,2024-05-07,USA,medium,email,True
1786,2024-10-28,USA,low,organic,True
1787,2024-04-17,Germany,low,organic,False
1788,2024-03-27,USA,low,organic,True
1789,2021-05-14,UK,low,ads,False
1790,2023-12-24,USA,low,email,True
1791,2022-04-03,UK,low,organic,True
1792,2024-07-09,USA,medium,organic,True
1793,2023-12-18,UK,medium,organic,True
1794,2024-05-24,Australia,medium,referral,True
1795,2020-12-22,Canada,low,organic,True
1796,2021-08-09,USA,medium,social,True
1797,2024-06-22,Canada,low,referral,False
1798,2021-06-11,Canada,low,ads,True
1799,2021-06-06,USA,low,ads,True
1800,2020-05-06,Canada,low,email,False
1801,2024-12-05,UK,medium,referral,True
1802,2024-07-09,Canada,low,organic,True
1803,2023-05-30,USA,low,ads,True
1804,2023-02-28,UK,low,referral,True
1805,2023-05-25,Germany,high,ads,True
1806,2024-08-06,USA,low,email,False
1807,2024-05-08,Germany,medium,organic,False
1808,2022-07-09,USA,low,email,True
1809,2022-06-10,Canada,low,ads,True
1810,2021-10-05,Australia,low,organic,True
1811,2024-05-07,UK,low,organic,False
1812,2024-07-29,Australia,low,organic,True
1813,2023-01-01,Spain,low,organic,True
1814,2020-07-23,UK,high,organic,True
1815,2021-07-28,USA,low,referral,False
1816,2024-12-12,Mexico,medium,organic,True
1817,2023-02-26,USA,medium,organic,True
1818,2024-08-02,Canada,medium,ads,True
1819,2024-04-06,Australia,low,ads,True
1820,2023-07-11,USA,low,organic,True
1821,2022-08-28,Canada,medium,ads,True
1822,2021-12-31,UK,high,referral,True
1823,2024-03-28,Germany,medium,ads,False
1824,2024-08-06,Australia,medium,ads,True
1825,2024-04-23,Australia,medium,organic,True
1826,2024-01-06,USA,medium,ads,True
1827,2020-12-24,Spain,medium,ads,True
1828,2024-12-12,USA,medium,organic,False
1829,2024-08-23,Australia,medium,organic,True
1830,2023-02-21,Japan,low,referral,True
1831,2024-12-19,UK,medium,email,True
1832,2024-03-16,UK,medium,organic,True
1833,2024-02-27,Australia,low,email,True
1834,2024-07-17,Mexico,low,organic,False
1835,2024-09-02,Australia,medium,referral,True
1836,2024-05-04,Spain,low,ads,False
1837,2022-01-23,USA,low,ads,False
1838,2023-05-08,Canada,high,referral,True
1839,2024-11-17,USA,low,referral,True
1840,2022-10-10,Brazil,low,organic,True
1841,2023-06-27,USA,low,ads,False
1842,2023-09-16,Brazil,low,organic,True
1843,2023-09-25,UK,medium,ads,True
1844,2024-03-27,UK,low,ads,False
1845,2024-11-27,Australia,low,social,True
1846,2022-11-14,Spain,medium,organic,True
1847,2021-12-31,UK,medium,organic,False
1848,2022-08-09,USA,low,ads,False
1849,2024-10-22,USA,low,organic,True
1850,2024-04-25,USA,low,ads,True
1851,2023-02-09,UK,medium,organic,False
1852,2024-09-05,USA,low,email,True
1853,2024-10-06,USA,low,organic,True
1854,2024-09-26,Germany,low,ads,True
1855,2024-11-12,France,low,social,True
1856,2022-12-07,Canada,low,organic,False
1857,2024-07-22,Germany,low,email,True
1858,2023-10-20,USA,medium,ads,True
1859,2024-09-23,Spain,low,ads,True
1860,2024-07-02,Spain,low,email,True
1861,2024-08-07,France,medium,social,True
1862,2024-05-04,UK,low,organic,True
1863,2022-06-19,USA,medium,referral,True
1864,2024-01-21,Canada,medium,organic,True
1865,2024-12-22,USA,high,organic,True
1866,2024-11-23,USA,low,referral,True
1867,2021-01-01,USA,low,ads,True
1868,2022-05-15,USA,medium,ads,True
1869,2022-02-04,USA,low,organic,True
1870,2024-06-30,USA,low,email,False
1871,2024-09-06,Germany,medium,ads,True
1872,2022-09-15,Mexico,medium,referral,True
1873,2023-12-11,USA,high,ads,True
1874,2024-09-22,Germany,medium,organic,True
1875,2024-07-05,USA,low,email,True
1876,2024-01-18,Canada,low,ads,True
1877,2024-03-06,Canada,medium,ads,True
1878,2023-12-13,USA,medium,organic,True
1879,2023-03-02,USA,high,organic,True
1880,2024-02-10,USA,low,ads,True
1881,2024-05-31,UK,low,ads,True
1882,2024-10-13,UK,low,referral,True
1883,2024-04-17,Spain,low,referral,False
1884,2024-07-27,Germany,medium,organic,True
1885,2022-05-02,USA,low,email,True
1886,2023-10-21,USA,medium,ads,False
1887,2020-04-09,Australia,low,email,True
1888,2022-11-26,USA,low,organic,False
1889,2024-06-30,Canada,medium,social,True
1890,2024-12-26,USA,low,email,True
1891,2021-10-08,USA,low,organic,True
1892,2023-08-07,USA,medium,email,True
1893,2024-08-24,Germany,low,social,False
1894,2022-08-24,Canada,medium,email,True
1895,2024-01-31,UK,low,ads,True
1896,2024-07-06,UK,low,organic,True
1897,2024-03-29,UK,low,email,True
1898,2022-07-16,UK,low,organic,True
1899,2023-06-03,Canada,medium,organic,True
1900,2024-08-13,USA,low,ads,True
1901,2024-01-30,USA,medium,organic,True
1902,2020-02-27,Germany,low,email,False
1903,2024-07-27,Spain,medium,ads,True
1904,2020-11-09,USA,low,social,False
1905,2024-07-15,UK,low,organic,True
1906,2022-08-21,Germany,medium,ads,True
1907,2024-12-06,USA,low,organic,True
1908,2023-06-21,Canada,low,referral,True
1909,2023-04-20,USA,low,referral,False
1910,2022-03-30,UK,medium,referral,True
1911,2023-03-15,UK,medium,social,True
1912,2024-10-16,Canada,low,organic,True
1913,2024-12-28,USA,low,referral,True
1914,2023-06-22,USA,low,ads,True
1915,2023-10-06,UK,low,ads,True
1916,2024-06-27,USA,medium,organic,True
1917,2024-10-22,USA,high,referral,True
1918,2024-03-08,Canada,low,organic,True
1919,2023-07-24,USA,low,social,True
1920,2023-08-22,UK,high,organic,True
1921,2024-06-06,France,low,email,False
1922,2020-02-06,UK,low,organic,True
1923,2024-04-02,UK,medium,referral,True
1924,2023-06-03,UK,medium,email,True
1925,2024-08-20,USA,medium,organic,True
1926,2021-09-13,UK,high,ads,True
1927,2024-03-03,France,low,referral,False
1928,2023-11-13,Germany,medium,referral,False
1929,2024-04-22,UK,medium,organic,True
1930,2021-05-05,France,medium,organic,True
1931,2024-02-25,Germany,low,organic,True
1932,2024-02-07,Canada,low,organic,True
1933,2024-02-06,USA,low,ads,False
1934,2024-03-18,USA,medium,ads,True
1935,2024-05-21,USA,low,referral,True
1936,2024-08-28,Japan,low,organic,True
1937,2023-01-10,Australia,medium,organic,True
1938,2024-09-11,USA,high,referral,True
1939,2023-12-02,Australia,low,ads,False
1940,2021-07-04,USA,low,organic,False
1941,2021-04-01,UK,low,social,True
1942,2023-05-01,Germany,high,email,True
1943,2024-08-13,Germany,medium,organic,True
1944,2024-06-16,Brazil,low,organic,True
1945,2024-08-16,Canada,low,social,True
1946,2023-12-23,UK,low,ads,False
1947,2023-09-26,Japan,medium,email,True
1948,2022-03-26,UK,medium,organic,True
1949,2023-04-22,Spain,medium,ads,True
1950,2023-09-18,Australia,medium,ads,True
1951,2021-08-25,UK,medium,email,True
1952,2022-10-02,Canada,low,referral,True
1953,2024-03-13,Canada,low,referral,False
1954,2024-07-08,UK,low,referral,False
1955,2024-12-30,Canada,low,organic,False
1956,2024-11-21,USA,low,organic,True
1957,2024-04-22,USA,medium,social,True
1958,2023-09-02,UK,medium,ads,False
1959,2024-04-16,UK,low,ads,True
1960,2024-08-14,Germany,high,ads,False
1961,2021-12-20,USA,low,email,True
1962,2023-08-18,USA,low,referral,True
1963,2024-09-21,USA,low,referral,True
1964,2023-07-14,USA,low,social,True
1965,2024-02-17,Canada,medium,ads,False
1966,2024-03-03,UK,low,ads,True
1967,2022-07-07,UK,low,email,False
1968,2023-06-13,France,medium,organic,False
1969,2023-05-02,USA,low,referral,True
1970,2020-09-04,USA,low,organic,True
1971,2020-08-19,USA,medium,organic,True
1972,2024-09-15,Australia,medium,ads,True
1973,2023-01-16,Germany,high,ads,True
1974,2023-12-24,USA,low,referral,True
1975,2023-03-04,France,low,social,False
1976,2024-11-25,UK,low,organic,False
1977,2022-12-21,Germany,medium,organic,False
1978,2023-09-12,Spain,low,referral,False
1979,2024-10-13,USA,low,organic,False
1980,2024-09-22,USA,medium,ads,True
1981,2022-07-11,USA,low,ads,True
1982,2024-08-26,USA,low,referral,True
1983,2023-10-17,Canada,medium,organic,True
1984,2023-11-15,Germany,low,referral,True
1985,2022-02-10,USA,high,referral,True
1986,2021-07-21,Germany,medium,ads,True
1987,2024-07-02,UK,high,referral,True
1988,2023-11-30,USA,low,ads,True
1989,2023-09-21,USA,medium,ads,True
1990,2024-07-03,Spain,medium,email,False
1991,2024-07-30,USA,low,ads,False
1992,2022-04-29,UK,low,ads,False
1993,2024-03-24,USA,low,ads,True
1994,2022-02-16,France,low,referral,False
1995,2024-07-20,Germany,medium,social,True
1996,2024-05-05,USA,medium,ads,True
1997,2024-12-05,Canada,medium,organic,True
1998,2021-05-26,Canada,medium,referral,True
1999,2021-03-24,USA,low,ads,True
2000,2023-02-02,USA,low,referral,True
2001,2022-12-26,USA,low,email,True
2002,2022-11-27,Canada,low,ads,False
2003,2024-11-04,USA,medium,ads,True
2004,2022-12-02,USA,low,referral,True
2005,2023-01-14,USA,low,organic,True
2006,2024-07-26,Mexico,medium,referral,True
2007,2023-10-07,Spain,medium,email,True
2008,2024-08-07,Australia,low,ads,True
2009,2021-05-08,Canada,low,ads,True
2010,2023-11-20,UK,medium,email,True
2011,2020-10-28,UK,low,referral,True
2012,2021-04-24,Brazil,low,ads,True
2013,2024-11-04,Mexico,low,referral,True
2014,2022-02-28,Canada,low,referral,True
2015,2024-01-08,France,low,organic,False
2016,2023-08-20,USA,low,ads,False
2017,2023-05-22,UK,low,organic,True
2018,2024-10-31,USA,low,email,False
2019,2020-07-31,UK,low,organic,False
2020,2024-05-10,Germany,low,email,True
2021,2024-12-09,UK,low,referral,True
2022,2024-02-05,France,high,referral,True
2023,2024-11-23,USA,low,referral,True
2024,2021-02-25,Germany,high,organic,True
2025,2023-08-30,France,medium,referral,False
2026,2022-12-23,Australia,low,organic,True
2027,2024-07-04,Canada,low,social,True
2028,2024-12-20,Mexico,medium,organic,False
2029,2022-12-16,Canada,low,ads,True
2030,2024-05-02,USA,medium,organic,True
2031,2022-08-10,USA,medium,ads,True
2032,2024-02-10,USA,low,social,True
2033,2023-10-24,Canada,low,organic,True
2034,2024-12-14,Australia,low,referral,True
2035,2024-03-22,France,medium,organic,True
2036,2023-05-25,USA,high,referral,True
2037,2021-12-05,Germany,low,ads,True
2038,2022-04-06,USA,high,organic,True
2039,2022-10-12,USA,medium,ads,True
2040,2022-12-05,Canada,low,organic,True
2041,2024-09-28,Canada,low,referral,True
2042,2024-02-06,Spain,low,referral,True
2043,2023-12-30,USA,low,email,True
2044,2021-12-07,Germany,low,organic,True
2045,2024-10-05,Germany,low,ads,True
2046,2024-06-28,Canada,high,referral,True
2047,2021-05-20,UK,low,referral,True
2048,2024-06-16,Spain,low,organic,False
2049,2024-01-20,USA,medium,referral,True
2050,2021-07-26,Mexico,low,organic,True
2051,2023-10-18,USA,low,referral,False
2052,2023-11-17,Australia,low,ads,True
2053,2022-05-18,Mexico,medium,organic,False
2054,2024-11-28,USA,medium,ads,False
2055,2024-09-28,Japan,low,organic,True
2056,2024-05-15,UK,medium,ads,True
2057,2023-10-22,USA,low,organic,True
2058,2023-08-20,Canada,low,referral,True
2059,2024-04-29,USA,low,ads,True
2060,2024-01-21,Australia,medium,referral,True
2061,2021-04-22,Canada,low,email,True
2062,2023-12-18,Germany,low,referral,True
2063,2024-08-29,UK,low,social,False
2064,2023-10-19,UK,high,organic,True
2065,2021-02-23,UK,medium,organic,True
2066,2024-08-14,USA,low,ads,True
2067,2022-08-18,UK,medium,email,False
2068,2022-12-20,UK,medium,referral,True
2069,2022-05-15,USA,medium,ads,True
2070,2023-04-25,Brazil,low,referral,True
2071,2024-07-24,UK,low,ads,True
2072,2023-12-25,France,low,ads,True
2073,2022-08-26,Australia,low,referral,True
2074,2024-10-16,UK,medium,organic,True
2075,2024-10-18,UK,low,organic,True
2076,2024-10-12,Canada,medium,ads,True
2077,2022-11-10,USA,medium,email,True
2078,2023-10-09,USA,low,ads,True
2079,2024-12-22,USA,low,organic,True
2080,2024-08-04,Australia,low,referral,True
2081,2020-09-11,Canada,low,ads,False
2082,2021-05-07,UK,high,ads,False
2083,2023-10-24,USA,medium,email,True
2084,2024-11-06,USA,medium,organic,True
2085,2024-01-15,UK,medium,social,True
2086,2023-12-02,France,medium,referral,True
2087,2021-11-02,UK,medium,email,True
2088,2024-05-04,Canada,low,organic,False
2089,2024-09-09,Canada,medium,ads,True
2090,2023-07-09,USA,medium,organic,True
2091,2024-08-07,France,low,social,False
2092,2024-12-10,Mexico,low,ads,False
2093,2022-08-24,Canada,low,organic,True
2094,2023-12-30,UK,low,ads,True
2095,2023-02-11,USA,medium,referral,True
2096,2024-08-19,France,low,organic,False
2097,2024-02-22,USA,low,ads,False
2098,2024-04-15,Germany,low,referral,True
2099,2024-08-23,UK,low,social,False
2100,2023-07-30,Australia,low,organic,False
2101,2024-11-09,UK,medium,organic,True
2102,2024-01-09,Canada,low,ads,True
2103,2022-04-26,USA,high,organic,True
2104,2024-06-06,USA,low,organic,False
2105,2024-08-19,France,low,organic,True
2106,2023-04-03,Mexico,medium,organic,True
2107,2024-10-03,Canada,low,ads,True
2108,2024-11-04,Germany,medium,referral,False
2109,2023-01-24,UK,medium,ads,True
2110,2024-12-21,France,low,ads,False
2111,2022-03-05,USA,medium,ads,False
2112,2022-08-20,Germany,medium,ads,True
2113,2022-07-06,USA,low,referral,True
2114,2024-10-27,UK,low,ads,True
2115,2024-05-02,UK,medium,ads,True
2116,2022-04-09,Canada,low,email,False
2117,2023-09-26,Canada,low,social,True
2118,2024-03-29,Canada,low,referral,True
2119,2021-08-03,UK,medium,referral,True
2120,2024-10-19,UK,low,social,True
2121,2024-08-27,USA,low,referral,False
2122,2023-12-10,Canada,low,organic,False
2123,2024-12-11,USA,low,ads,True
2124,2023-08-28,UK,low,email,False
2125,2024-12-21,USA,low,email,True
2126,2024-05-14,Brazil,low,organic,False
2127,2024-04-15,USA,low,ads,False
2128,2022-05-19,France,low,social,True
2129,2024-10-19,Canada,low,organic,True
2130,2023-09-10,France,low,email,True
2131,2022-05-08,Australia,medium,social,True
2132,2020-05-11,USA,low,organic,True
2133,2024-02-05,USA,low,ads,True
2134,2024-01-03,USA,low,organic,True
2135,2024-06-25,USA,low,social,True
2136,2024-10-25,UK,low,referral,True
2137,2021-07-15,France,low,ads,True
2138,2024-07-04,USA,low,ads,True
2139,2022-07-15,UK,low,organic,True
2140,2024-10-03,UK,medium,referral,True
2141,2024-09-07,UK,low,ads,False
2142,2024-01-17,Canada,low,referral,True
2143,2024-06-18,Japan,medium,referral,True
2144,2023-03-30,USA,low,ads,True
2145,2023-11-02,Canada,low,ads,False
2146,2024-09-09,France,medium,social,False
2147,2023-10-19,Canada,low,ads,True
2148,2023-06-06,Spain,low,ads,False
2149,2023-11-28,Germany,low,organic,True
2150,2024-09-13,USA,low,ads,True
2151,2023-05-03,UK,low,ads,True
2152,2022-06-09,Canada,low,ads,True
2153,2024-06-19,USA,low,social,False
2154,2024-09-12,USA,low,organic,True
2155,2021-10-14,USA,medium,ads,True
2156,2022-11-12,UK,low,ads,False
2157,2022-03-09,UK,high,organic,True
2158,2023-05-22,France,medium,organic,True
2159,2023-10-08,Canada,low,email,False
2160,2024-07-18,Spain,low,organic,True
2161,2024-04-30,USA,medium,referral,False
2162,2024-04-03,UK,low,organic,True
2163,2023-05-29,USA,low,referral,False
2164,2024-09-22,USA,low,ads,True
2165,2023-11-02,Spain,medium,email,True
2166,2024-12-18,Spain,low,referral,True
2167,2024-04-15,UK,high,referral,True
2168,2022-01-16,USA,low,ads,False
2169,2024-05-21,USA,high,referral,True
2170,2023-04-17,Australia,medium,email,True
2171,2024-05-29,Spain,low,social,False
2172,2021-05-29,Canada,low,organic,True
2173,2022-06-12,USA,high,ads,True
2174,2024-10-02,Australia,low,ads,False
2175,2022-10-16,USA,low,referral,True
2176,2024-09-19,Mexico,low,organic,True
2177,2023-01-28,Canada,medium,ads,True
2178,2024-04-22,Germany,low,email,True
2179,2024-06-05,Germany,high,email,True
2180,2023-12-18,UK,low,organic,True
2181,2023-03-15,USA,high,ads,True
2182,2022-09-13,USA,low,referral,True
2183,2020-10-25,USA,low,organic,True
2184,2023-03-13,France,medium,organic,True
2185,2024-05-01,UK,low,ads,True
2186,2024-11-24,Spain,low,referral,False
2187,2024-10-12,USA,medium,ads,True
2188,2024-07-31,Germany,low,organic,True
2189,2024-08-16,USA,low,social,False
2190,2024-05-11,Brazil,low,ads,True
2191,2022-12-23,Germany,medium,ads,True
2192,2024-11-04,UK,low,referral,True
2193,2024-05-16,Brazil,low,referral,True
2194,2024-02-06,USA,low,organic,True
2195,2021-11-23,UK,low,ads,True
2196,2023-10-04,France,low,referral,False
2197,2023-10-20,USA,low,organic,True
2198,2024-10-08,Germany,low,organic,False
2199,2024-01-23,Mexico,low,ads,False
2200,2023-07-09,UK,medium,ads,True
2201,2024-12-17,Germany,high,organic,True
2202,2021-11-22,USA,low,organic,False
2203,2023-09-03,USA,medium,email,True
2204,2020-12-24,Japan,low,ads,True
2205,2024-07-11,UK,low,email,True
2206,2024-11-11,UK,medium,ads,True
2207,2023-01-29,Mexico,low,ads,True
2208,2024-10-04,UK,low,referral,True
2209,2023-02-20,Canada,high,organic,True
2210,2024-11-07,Canada,low,organic,True
2211,2024-07-21,USA,low,organic,True
2212,2024-08-28,Canada,low,ads,True
2213,2020-06-28,France,low,referral,True
2214,2024-12-09,Germany,medium,email,True
2215,2024-07-01,USA,medium,ads,True
2216,2023-03-14,USA,low,organic,True
2217,2024-09-14,Germany,low,ads,False
2218,2023-02-01,Canada,high,organic,True
2219,2024-10-13,Germany,medium,social,True
2220,2021-11-29,USA,low,ads,False
2221,2024-06-12,USA,medium,organic,True
2222,2024-01-17,USA,medium,referral,True
2223,2021-09-28,USA,medium,ads,False
2224,2022-11-16,UK,low,organic,True
2225,2020-05-09,USA,medium,ads,True
2226,2023-10-30,USA,medium,social,True
2227,2023-03-08,USA,low,organic,True
2228,2024-03-13,UK,low,ads,True
2229,2023-03-01,Canada,medium,organic,True
2230,2023-03-06,UK,medium,social,True
2231,2024-07-13,USA,medium,ads,True
2232,2021-01-31,UK,low,organic,True
2233,2024-11-02,USA,medium,ads,True
2234,2024-09-29,Canada,medium,organic,True
2235,2024-05-14,USA,low,email,True
2236,2024-03-08,UK,low,ads,False
2237,2024-10-26,USA,medium,email,True
2238,2022-07-09,UK,medium,social,True
2239,2021-07-13,USA,low,organic,True
2240,2022-11-11,Australia,low,ads,False
2241,2024-08-20,Australia,high,organic,True
2242,2020-11-05,Brazil,low,organic,True
2243,2024-02-27,Canada,low,organic,True
2244,2024-12-28,USA,low,email,True
2245,2024-10-02,UK,low,email,False
2246,2023-12-28,USA,high,ads,False
2247,2021-04-29,USA,low,ads,False
2248,2024-09-15,UK,low,email,True
2249,2024-03-14,USA,medium,referral,False
2250,2021-12-08,UK,low,email,False
2251,2021-09-17,UK,medium,organic,True
2252,2024-11-06,UK,low,organic,False
2253,2024-05-15,USA,low,referral,True
2254,2024-09-14,USA,low,organic,True
2255,2024-10-17,USA,low,organic,False
2256,2024-02-17,Canada,high,ads,True
2257,2023-12-23,Canada,medium,social,True
2258,2023-09-13,USA,low,email,True
2259,2023-04-03,USA,low,referral,True
2260,2023-09-19,USA,medium,organic,True
2261,2024-08-05,Mexico,low,organic,True
2262,2024-03-16,USA,medium,organic,True
2263,2024-10-26,Canada,low,organic,True
2264,2023-09-30,France,low,ads,False
2265,2024-03-21,USA,low,email,True
2266,2024-04-12,USA,medium,ads,True
2267,2024-03-07,France,low,ads,False
2268,2024-06-11,Spain,medium,social,True
2269,2022-11-07,Brazil,low,email,False
2270,2023-12-18,USA,low,email,True
2271,2021-10-28,USA,low,email,False
2272,2023-07-15,Mexico,low,ads,True
2273,2023-11-21,USA,low,ads,True
2274,2024-04-30,USA,low,ads,True
2275,2024-12-01,Mexico,low,organic,True
2276,2024-03-15,Mexico,low,ads,False
2277,2024-07-14,USA,medium,organic,True
2278,2023-12-11,Canada,low,ads,True
2279,2024-04-15,UK,medium,organic,True
2280,2021-06-05,Canada,high,referral,True
2281,2022-12-11,USA,medium,organic,False
2282,2023-06-12,UK,low,ads,True
2283,2023-11-03,France,low,ads,False
2284,2021-01-16,UK,low,email,False
2285,2022-03-03,USA,low,email,False
2286,2023-01-23,Canada,high,referral,True
2287,2024-12-14,Canada,medium,email,True
2288,2023-04-27,UK,high,referral,True
2289,2023-11-14,Canada,low,referral,True
2290,2022-08-05,Canada,high,organic,True
2291,2024-03-25,Mexico,low,ads,True
2292,2023-01-31,UK,high,referral,True
2293,2022-08-31,Germany,low,organic,True
2294,2023-12-22,UK,medium,ads,True
2295,2020-03-01,USA,low,ads,True
2296,2020-03-24,Canada,low,ads,False
2297,2022-09-28,France,medium,ads,True
2298,2020-11-19,France,medium,ads,True
2299,2021-11-12,UK,low,organic,False
2300,2023-05-08,UK,low,organic,True
2301,2024-08-26,Canada,low,ads,True
2302,2024-02-17,USA,low,organic,True
2303,2023-12-18,Canada,low,email,True
2304,2023-02-22,Germany,low,ads,True
2305,2024-11-20,France,low,ads,False
2306,2023-08-01,USA,low,organic,True
2307,2021-08-19,Japan,low,organic,False
2308,2024-03-30,UK,medium,organic,True
2309,2021-12-04,UK,high,ads,True
2310,2023-05-18,UK,low,ads,False
2311,2023-12-12,Australia,low,organic,False
2312,2024-10-14,Canada,low,social,True
2313,2023-11-27,UK,low,referral,True
2314,2024-06-11,France,low,referral,True
2315,2024-12-26,UK,medium,referral,True
2316,2022-02-03,Spain,low,ads,True
2317,2023-01-20,UK,low,organic,True
2318,2023-07-28,Canada,medium,email,True
2319,2023-09-03,USA,low,organic,True
2320,2023-08-19,Germany,medium,ads,True
2321,2024-11-05,Canada,low,email,True
2322,2024-06-21,UK,low,ads,True
2323,2024-03-22,Canada,low,ads,True
2324,2023-03-22,USA,low,referral,True
2325,2024-09-10,Brazil,low,ads,True
2326,2024-12-04,Canada,low,organic,False
2327,2024-09-08,UK,low,organic,True
2328,2020-01-18,Germany,medium,organic,True
2329,2024-04-17,Mexico,high,social,True
2330,2021-02-18,UK,medium,organic,True
2331,2022-12-18,USA,medium,referral,True
2332,2021-04-07,USA,medium,email,True
2333,2024-03-18,UK,medium,referral,True
2334,2024-05-29,UK,low,ads,True
2335,2021-12-06,Canada,low,organic,True
2336,2023-07-14,Canada,low,ads,True
2337,2023-10-15,UK,low,referral,True
2338,2023-06-23,UK,low,email,True
2339,2021-12-29,Germany,medium,organic,True
2340,2023-08-30,Canada,low,email,False
2341,2024-07-19,UK,low,email,False
2342,2021-06-05,USA,high,referral,True
2343,2021-07-19,USA,low,organic,False
2344,2023-06-02,USA,low,organic,True
2345,2024-11-26,UK,medium,organic,True
2346,2024-05-14,Mexico,low,ads,True
2347,2024-05-23,USA,medium,organic,True
2348,2023-06-12,Mexico,low,email,False
2349,2024-03-09,USA,low,organic,False
2350,2020-04-17,USA,low,referral,True
2351,2024-04-16,UK,low,email,False
2352,2024-11-08,USA,medium,organic,True
2353,2024-03-26,UK,low,organic,False
2354,2024-10-14,UK,low,referral,False
2355,2024-06-28,UK,medium,referral,True
2356,2021-12-28,Canada,low,social,False
2357,2024-11-01,USA,low,social,True
2358,2021-05-13,USA,medium,referral,True
2359,2024-01-10,France,medium,ads,True
2360,2022-03-09,USA,medium,referral,True
2361,2020-05-02,France,low,organic,True
2362,2023-09-03,Canada,high,organic,True
2363,2023-02-25,Canada,medium,organic,True
2364,2023-11-19,USA,low,referral,True
2365,2024-02-22,Brazil,low,email,True
2366,2021-01-04,USA,low,ads,True
2367,2022-01-05,USA,low,ads,True
2368,2024-02-04,USA,low,email,True
2369,2023-05-15,Canada,low,ads,True
2370,2024-07-02,Mexico,medium,organic,True
2371,2024-04-30,USA,low,email,True
2372,2024-09-25,UK,low,referral,True
2373,2024-06-03,USA,medium,organic,True
2374,2023-09-13,Canada,low,referral,False
2375,2024-05-18,UK,low,ads,False
2376,2023-01-21,USA,medium,ads,True
2377,2023-03-17,Canada,low,organic,True
2378,2024-08-16,USA,low,email,False
2379,2023-10-03,Canada,medium,referral,True
2380,2024-08-23,UK,low,ads,True
2381,2024-09-09,Germany,low,ads,True
2382,2024-10-03,USA,low,ads,False
2383,2024-11-10,Germany,high,ads,True
2384,2023-09-14,France,medium,referral,True
2385,2023-04-07,USA,low,ads,False
2386,2024-02-27,USA,medium,referral,True
2387,2023-06-26,Spain,medium,organic,True
2388,2024-03-16,USA,low,ads,True
2389,2024-06-14,USA,low,organic,True
2390,2024-05-31,UK,low,email,False
2391,2023-07-01,USA,low,ads,True
2392,2022-05-21,Spain,low,organic,False
2393,2023-09-14,UK,low,organic,True
2394,2022-03-11,Canada,medium,email,True
2395,2024-10-24,Canada,low,organic,True
2396,2023-05-19,Canada,low,referral,False
2397,2022-04-16,Canada,medium,email,True
2398,2020-08-29,USA,medium,ads,True
2399,2024-04-25,France,low,ads,False
2400,2024-04-17,Canada,low,organic,False
2401,2023-05-11,France,low,ads,True
2402,2021-06-09,Germany,high,organic,True
2403,2023-08-18,USA,medium,organic,True
2404,2023-03-25,Canada,low,referral,True
2405,2024-05-22,USA,medium,email,True
2406,2024-03-20,USA,medium,social,True
2407,2023-06-16,USA,high,ads,True
2408,2022-09-25,USA,low,ads,True
2409,2024-12-24,USA,low,organic,True
2410,2023-10-12,Canada,low,social,True
2411,2024-05-31,UK,high,ads,True
2412,2022-03-04,UK,medium,organic,True
2413,2023-11-18,USA,low,organic,True
2414,2020-09-14,UK,low,referral,True
2415,2023-12-10,USA,low,organic,True
2416,2024-12-09,Canada,medium,referral,True
2417,2023-07-14,Canada,low,referral,True
2418,2020-12-04,Canada,low,organic,True
2419,2020-10-09,Japan,low,ads,True
2420,2023-07-19,Canada,low,ads,True
2421,2022-05-02,UK,low,organic,True
2422,2020-08-12,USA,medium,ads,True
2423,2024-07-23,USA,low,organic,True
2424,2023-10-18,UK,medium,email,True
2425,2023-02-15,USA,high,referral,True
2426,2024-10-31,UK,low,organic,True
2427,2021-12-12,USA,medium,organic,True
2428,2024-12-04,USA,low,organic,True
2429,2023-03-29,France,low,ads,True
2430,2024-10-23,Mexico,high,email,True
2431,2024-03-17,UK,low,organic,True
2432,2024-09-12,UK,low,social,True
2433,2024-12-21,Canada,low,email,False
2434,2023-02-13,UK,low,ads,False
2435,2024-12-08,France,low,organic,True
2436,2023-07-22,UK,low,ads,False
2437,2023-07-16,USA,low,ads,True
2438,2023-05-11,USA,medium,organic,True
2439,2024-01-17,Germany,low,organic,True
2440,2022-04-15,USA,low,organic,True
2441,2024-01-30,USA,low,organic,True
2442,2024-01-18,UK,low,organic,True
2443,2024-07-27,USA,medium,referral,True
2444,2024-09-17,UK,medium,ads,True
2445,2023-09-26,Germany,low,email,True
2446,2023-03-10,Germany,low,organic,False
2447,2022-12-21,UK,low,organic,True
2448,2022-08-02,USA,low,ads,True
2449,2021-03-27,USA,medium,ads,True
2450,2023-05-14,Germany,high,organic,True
2451,2023-01-11,France,low,social,True
2452,2024-12-11,UK,medium,organic,True
2453,2024-02-03,France,low,referral,True
2454,2023-05-21,USA,medium,ads,True
2455,2024-02-25,Germany,low,ads,False
2456,2022-02-28,UK,high,ads,True
2457,2023-09-30,Brazil,low,organic,False
2458,2024-04-08,USA,low,email,True
2459,2023-11-22,France,medium,ads,True
2460,2023-08-07,Germany,medium,organic,True
2461,2024-12-27,USA,high,organic,True
2462,2024-10-18,Japan,high,organic,True
2463,2024-04-05,UK,high,ads,True
2464,2024-02-14,USA,medium,ads,True
2465,2024-04-03,France,medium,referral,True
2466,2022-08-18,UK,low,referral,True
2467,2023-07-29,Japan,low,organic,True
2468,2020-12-07,Germany,high,organic,True
2469,2023-11-07,USA,medium,ads,True
2470,2024-01-19,France,low,ads,True
2471,2022-10-17,Canada,low,organic,True
2472,2024-12-09,UK,low,ads,False
2473,2024-11-06,Germany,low,email,True
2474,2024-06-27,Canada,high,email,True
2475,2024-01-09,USA,low,ads,True
2476,2024-10-11,USA,low,organic,True
2477,2022-01-31,USA,medium,ads,True
2478,2024-08-17,USA,low,ads,True
2479,2022-01-12,USA,low,referral,True
2480,2024-08-20,UK,medium,referral,False
2481,2023-01-21,USA,low,ads,True
2482,2024-10-16,UK,low,organic,False
2483,2024-11-27,USA,medium,social,True
2484,2022-03-30,Germany,medium,ads,True
2485,2023-10-23,USA,medium,email,True
2486,2024-12-19,USA,high,organic,True
2487,2023-11-16,Spain,medium,ads,False
2488,2024-10-07,Brazil,low,ads,True
2489,2024-03-04,Canada,low,organic,True
2490,2023-07-02,USA,low,ads,False
2491,2023-02-09,Mexico,medium,organic,True
2492,2022-08-22,France,low,social,True
2493,2024-07-27,Australia,low,social,True
2494,2023-07-17,Japan,medium,email,True
2495,2023-12-17,Spain,medium,ads,True
2496,2023-11-26,USA,low,organic,True
2497,2024-02-22,Spain,low,referral,True
2498,2024-10-08,USA,low,organic,False
2499,2024-12-19,Germany,low,ads,True
2500,2023-08-15,France,low,referral,True
2501,2024-09-13,Germany,medium,ads,True
2502,2024-07-29,Canada,medium,organic,True
2503,2024-02-18,UK,low,ads,True
2504,2024-12-05,Canada,low,referral,True
2505,2022-08-16,USA,low,ads,True
2506,2021-11-17,UK,high,email,True
2507,2024-10-01,UK,low,ads,True
2508,2023-09-24,Canada,low,ads,True
2509,2024-09-26,Spain,low,referral,True
2510,2024-10-26,USA,low,ads,True
2511,2021-04-23,UK,medium,ads,True
2512,2024-10-20,USA,low,ads,True
2513,2023-10-06,Australia,low,organic,False
2514,2023-12-16,UK,medium,ads,True
2515,2024-04-08,Mexico,low,referral,True
2516,2024-11-16,USA,high,organic,True
2517,2020-07-08,USA,low,organic,True
2518,2023-11-08,Germany,low,organic,True
2519,2024-05-30,Germany,low,organic,False
2520,2024-06-27,Germany,low,email,True
2521,2024-06-03,UK,low,referral,True
2522,2022-02-13,Canada,low,ads,True
2523,2023-03-05,UK,low,email,True
2524,2023-06-08,USA,low,ads,False
2525,2024-08-27,UK,medium,referral,True
2526,2023-01-27,USA,low,ads,True
2527,2022-09-09,UK,low,ads,True
2528,2024-12-05,USA,low,organic,True
2529,2020-04-05,USA,medium,organic,True
2530,2024-12-29,France,low,organic,False
2531,2024-05-21,USA,low,referral,True
2532,2024-09-13,Canada,low,organic,False
2533,2023-02-24,Canada,low,referral,True
2534,2020-05-27,UK,medium,referral,True
2535,2024-07-09,USA,low,ads,False
2536,2024-09-17,Canada,low,organic,True
2537,2024-07-11,USA,medium,organic,True
2538,2022-03-11,USA,low,ads,True
2539,2024-07-21,France,medium,organic,True
2540,2024-08-02,UK,medium,ads,True
2541,2024-05-06,USA,high,ads,True
2542,2024-07-31,Spain,low,organic,True
2543,2024-09-25,UK,low,ads,True
2544,2024-03-27,USA,low,referral,True
2545,2021-08-25,Mexico,low,ads,True
2546,2023-11-21,USA,low,referral,False
2547,2021-07-07,Canada,low,organic,False
2548,2023-08-15,USA,low,referral,False
2549,2023-08-14,Canada,medium,ads,True
2550,2021-05-11,USA,medium,organic,True
2551,2023-05-24,Australia,low,ads,False
2552,2021-11-23,USA,medium,referral,True
2553,2024-08-30,Canada,high,organic,True
2554,2024-11-29,USA,high,ads,True
2555,2021-06-12,UK,medium,ads,True
2556,2024-12-04,Australia,medium,email,False
2557,2023-12-29,USA,high,organic,False
2558,2023-03-05,UK,low,email,True
2559,2021-07-03,USA,low,organic,True
2560,2023-12-05,Canada,medium,email,True
2561,2024-08-20,USA,medium,ads,True
2562,2024-06-15,Canada,low,referral,True
2563,2021-02-13,Germany,low,email,True
2564,2021-06-14,USA,low,referral,True
2565,2023-08-09,UK,medium,referral,True
2566,2023-02-26,USA,low,organic,False
2567,2022-10-27,USA,low,organic,True
2568,2023-01-31,Canada,medium,email,True
2569,2024-08-27,USA,low,organic,False
2570,2024-11-18,Canada,low,email,False
2571,2023-08-12,France,low,organic,True
2572,2024-11-04,Brazil,medium,email,True
2573,2023-04-11,UK,low,organic,False
2574,2023-11-08,USA,low,organic,True
2575,2022-10-13,USA,medium,organic,True
2576,2024-04-20,UK,medium,referral,True
2577,2024-12-18,Germany,medium,ads,True
2578,2024-03-18,USA,low,email,False
2579,2023-06-06,USA,medium,ads,True
2580,2024-04-27,Spain,low,referral,True
2581,2022-01-05,USA,low,ads,True
2582,2024-10-23,Germany,medium,referral,True
2583,2023-12-08,Germany,medium,organic,True
2584,2023-10-07,USA,low,organic,True
2585,2024-03-01,Japan,low,ads,True
2586,2024-04-06,USA,low,email,True
2587,2021-06-09,UK,low,organic,True
2588,2024-05-26,USA,low,ads,False
2589,2022-11-16,Canada,low,ads,False
2590,2024-06-21,UK,high,ads,True
2591,2024-09-09,Germany,low,organic,True
2592,2024-08-27,Canada,medium,ads,True
2593,2024-01-29,USA,medium,ads,True
2594,2023-12-26,UK,low,social,True
2595,2022-03-12,Canada,low,referral,False
2596,2024-08-06,Spain,medium,email,True
2597,2023-01-13,USA,low,social,True
2598,2023-12-01,USA,medium,referral,False
2599,2023-02-06,Germany,low,organic,True
2600,2022-02-11,Canada,low,ads,True
2601,2024-04-11,UK,low,referral,True
2602,2021-03-09,Mexico,medium,organic,True
2603,2024-07-17,USA,high,ads,True
2604,2023-04-04,USA,low,ads,True
2605,2020-01-02,USA,high,organic,True
2606,2023-12-16,USA,low,organic,False
2607,2021-01-24,Canada,medium,referral,True
2608,2023-01-22,Canada,medium,referral,True
2609,2024-06-15,Canada,medium,email,True
2610,2021-04-24,Germany,medium,ads,True
2611,2024-09-21,Canada,high,organic,True
2612,2020-02-12,France,low,email,False
2613,2022-11-26,Canada,low,social,True
2614,2024-07-12,USA,low,email,False
2615,2023-04-02,UK,low,ads,False
2616,2021-10-19,UK,low,email,True
2617,2023-06-10,Germany,low,social,True
2618,2023-01-11,USA,low,email,False
2619,2024-09-23,USA,medium,organic,True
2620,2023-03-28,Spain,low,organic,False
2621,2024-08-16,Mexico,low,organic,True
2622,2024-10-26,UK,low,ads,True
2623,2023-09-18,USA,low,organic,False
2624,2024-11-06,UK,medium,social,True
2625,2023-07-05,Canada,low,referral,False
2626,2024-12-09,UK,low,referral,False
2627,2021-08-28,Brazil,low,social,True
2628,2024-05-30,Brazil,high,organic,True
2629,2023-11-27,Australia,low,referral,True
2630,2023-07-19,USA,low,email,False
2631,2024-04-13,Spain,medium,organic,True
2632,2024-06-12,Canada,low,ads,True
2633,2020-02-18,UK,low,referral,True
2634,2022-05-21,Canada,low,organic,False
2635,2024-06-20,Germany,low,email,False
2636,2024-05-13,Mexico,medium,ads,True
2637,2024-12-11,Germany,low,organic,True
2638,2024-07-27,USA,low,email,True
2639,2024-12-01,USA,low,organic,True
2640,2024-06-11,USA,low,organic,True
2641,2023-03-02,USA,low,ads,True
2642,2021-11-02,USA,low,email,True
2643,2024-08-11,France,high,ads,True
2644,2024-04-23,UK,medium,email,True
2645,2021-02-01,Canada,low,organic,True
2646,2023-06-10,UK,low,organic,True
2647,2024-12-05,UK,low,organic,False
2648,2023-12-05,Germany,medium,ads,True
2649,2023-09-16,USA,low,ads,True
2650,2023-10-17,UK,medium,organic,True
2651,2022-09-05,Canada,high,referral,True
2652,2023-06-22,USA,low,referral,False
2653,2023-06-24,USA,low,ads,True
2654,2021-02-25,UK,medium,organic,True
2655,2024-08-01,USA,low,ads,True
2656,2023-08-27,France,low,organic,True
2657,2024-09-09,UK,low,social,True
2658,2024-09-28,UK,low,ads,True
2659,2022-09-12,Canada,low,referral,True
2660,2024-05-05,France,medium,organic,True
2661,2023-11-03,Canada,low,ads,True
2662,2024-10-18,USA,high,email,True
2663,2022-09-21,Canada,medium,ads,True
2664,2024-05-22,Germany,low,organic,True
2665,2024-03-22,France,low,referral,True
2666,2023-02-26,USA,medium,referral,True
2667,2022-02-20,USA,low,organic,True
2668,2024-04-30,UK,medium,referral,True
2669,2024-07-10,UK,low,email,True
2670,2023-04-01,Canada,medium,referral,True
2671,2024-04-24,USA,medium,ads,True
2672,2023-07-29,Germany,low,organic,True
2673,2024-06-20,Germany,medium,email,True
2674,2022-08-13,USA,medium,referral,True
2675,2024-10-24,Germany,low,ads,False
2676,2023-02-12,Germany,low,ads,True
2677,2023-06-21,USA,medium,organic,True
2678,2021-03-30,Mexico,medium,email,True
2679,2021-11-25,UK,low,email,True
2680,2023-12-22,France,high,organic,True
2681,2023-01-06,Germany,low,referral,True
2682,2024-09-18,USA,low,organic,True
2683,2020-05-30,USA,low,ads,False
2684,2023-07-07,France,high,organic,True
2685,2023-05-06,USA,low,referral,True
2686,2020-07-10,Spain,medium,referral,True
2687,2022-01-10,Germany,low,organic,True
2688,2023-08-23,USA,medium,organic,True
2689,2023-11-26,France,low,ads,False
2690,2023-08-11,USA,high,organic,True
2691,2024-01-07,USA,medium,referral,True
2692,2024-03-10,Germany,medium,referral,True
2693,2020-04-15,Canada,low,email,True
2694,2023-10-24,USA,low,organic,True
2695,2024-12-09,UK,high,organic,True
2696,2023-12-25,UK,low,referral,True
2697,2024-05-22,UK,high,email,True
2698,2023-03-26,Canada,low,ads,False
2699,2024-08-05,UK,low,organic,True
2700,2024-08-05,USA,medium,ads,True
2701,2023-12-27,USA,low,email,True
2702,2024-12-16,Canada,low,ads,True
2703,2022-01-14,Germany,low,email,False
2704,2020-06-19,USA,low,referral,True
2705,2024-08-03,UK,low,organic,True
2706,2024-08-29,USA,low,organic,False
2707,2021-12-26,Spain,medium,referral,True
2708,2023-01-02,USA,medium,organic,True
2709,2020-06-25,UK,low,referral,True
2710,2023-02-22,UK,medium,organic,False
2711,2024-08-05,USA,medium,organic,True
2712,2023-12-24,Australia,low,social,True
2713,2023-05-23,Spain,low,organic,False
2714,2023-06-27,Canada,low,referral,True
2715,2020-01-16,Australia,high,organic,True
2716,2023-03-05,Germany,low,organic,True
2717,2024-04-25,UK,medium,organic,True
2718,2024-12-15,USA,low,organic,True
2719,2024-09-26,UK,low,ads,True
2720,2020-08-14,Germany,low,ads,True
2721,2024-10-30,USA,low,organic,True
2722,2024-08-12,USA,high,social,True
2723,2024-08-10,UK,low,ads,True
2724,2023-10-17,UK,medium,organic,True
2725,2023-08-02,Australia,medium,organic,True
2726,2023-03-11,USA,low,referral,True
2727,2021-05-09,France,low,email,False
2728,2022-10-18,Brazil,low,organic,True
2729,2022-11-26,Mexico,low,organic,False
2730,2023-11-17,USA,low,organic,True
2731,2024-07-17,UK,low,organic,True
2732,2023-11-05,USA,low,organic,False
2733,2021-03-29,France,medium,organic,True
2734,2024-12-06,USA,medium,ads,True
2735,2024-11-26,Canada,low,social,True
2736,2024-08-14,USA,low,referral,False
2737,2024-12-25,USA,low,referral,True
2738,2024-01-20,Canada,low,organic,False
2739,2024-12-09,USA,medium,organic,True
2740,2021-06-27,Canada,low,organic,True
2741,2023-06-18,UK,medium,social,True
2742,2022-10-12,Canada,medium,organic,True
2743,2022-08-05,UK,medium,ads,False
2744,2022-03-05,Germany,medium,ads,True
2745,2024-04-04,USA,medium,ads,True
2746,2024-08-11,Australia,medium,ads,False
2747,2024-02-23,Germany,low,organic,True
2748,2022-03-24,USA,low,ads,False
2749,2024-09-01,USA,low,referral,True
2750,2024-04-16,UK,low,referral,True
2751,2023-07-20,USA,medium,ads,True
2752,2024-05-19,USA,medium,referral,True
2753,2022-12-22,France,high,social,True
2754,2023-05-18,Spain,low,organic,True
2755,2024-11-11,Mexico,low,referral,True
2756,2023-02-17,USA,low,organic,True
2757,2023-10-31,Canada,low,organic,True
2758,2024-10-24,France,high,organic,True
2759,2024-06-16,Germany,low,referral,True
2760,2021-04-21,USA,low,ads,True
2761,2022-03-25,UK,medium,referral,True
2762,2020-03-25,USA,low,organic,False
2763,2024-04-12,UK,medium,referral,True
2764,2023-10-05,USA,medium,referral,True
2765,2022-02-12,Japan,medium,organic,False
2766,2024-12-06,Germany,low,referral,True
2767,2024-01-05,USA,low,organic,True
2768,2022-11-16,Australia,low,ads,False
2769,2023-12-05,Spain,low,email,True
2770,2024-05-24,UK,low,ads,True
2771,2021-07-01,Germany,low,referral,False
2772,2023-01-20,UK,low,referral,True
2773,2024-08-29,Brazil,low,organic,True
2774,2023-10-19,USA,low,organic,True
2775,2024-01-23,USA,high,referral,True
2776,2023-09-16,USA,low,ads,True
2777,2021-01-05,France,low,referral,True
2778,2022-05-18,USA,low,ads,True
2779,2023-10-02,Canada,low,ads,True
2780,2022-09-05,UK,low,referral,True
2781,2021-02-11,Mexico,low,organic,True
2782,2024-09-24,USA,low,social,True
2783,2024-12-20,USA,low,organic,True
2784,2024-08-19,USA,low,ads,True
2785,2024-09-30,France,medium,organic,True
2786,2022-11-16,Germany,medium,ads,False
2787,2024-12-07,Germany,low,ads,False
2788,2022-08-07,USA,low,ads,True
2789,2024-12-02,USA,low,email,True
2790,2024-12-27,USA,low,referral,False
2791,2024-06-19,USA,low,social,True
2792,2024-12-20,Germany,high,ads,True
2793,2024-02-14,Canada,low,email,True
2794,2022-12-22,USA,low,ads,True
2795,2023-09-22,USA,high,organic,True
2796,2024-03-09,UK,medium,referral,True
2797,2021-06-15,UK,low,ads,False
2798,2024-04-04,UK,high,organic,True
2799,2024-12-20,Mexico,low,organic,False
2800,2022-07-21,USA,high,organic,True
2801,2024-08-19,USA,medium,social,True
2802,2024-11-05,USA,medium,ads,True
2803,2024-11-27,USA,high,ads,True
2804,2024-12-07,USA,medium,organic,True
2805,2023-12-28,Canada,low,referral,True
2806,2024-12-17,France,medium,referral,True
2807,2024-07-24,Canada,medium,organic,True
2808,2022-05-07,USA,low,ads,True
2809,2023-11-08,France,medium,organic,True
2810,2024-06-24,USA,low,organic,False
2811,2022-11-27,USA,low,ads,True
2812,2024-04-20,USA,medium,organic,True
2813,2024-05-13,UK,low,organic,True
2814,2022-05-09,UK,low,organic,True
2815,2024-02-10,Canada,medium,ads,True
2816,2024-08-04,USA,low,organic,True
2817,2023-12-03,Japan,low,social,True
2818,2020-05-06,USA,high,ads,True
2819,2020-04-06,UK,low,organic,True
2820,2023-06-05,UK,medium,ads,True
2821,2024-11-16,Germany,medium,referral,True
2822,2022-10-19,USA,low,ads,False
2823,2024-04-15,UK,medium,email,True
2824,2022-10-05,France,medium,organic,True
2825,2023-04-11,USA,medium,social,True
2826,2024-09-27,USA,low,organic,True
2827,2024-07-02,France,low,social,False
2828,2021-09-23,Brazil,low,organic,True
2829,2023-09-11,USA,low,organic,False
2830,2020-09-26,France,low,ads,True
2831,2023-11-13,UK,low,organic,True
2832,2024-05-09,Canada,high,organic,True
2833,2021-12-20,Canada,low,email,True
2834,2023-02-14,Canada,high,referral,False
2835,2023-08-02,USA,medium,ads,True
2836,2024-11-12,France,low,organic,True
2837,2024-12-27,USA,low,organic,True
2838,2021-01-12,USA,medium,organic,True
2839,2024-07-27,Australia,medium,ads,True
2840,2023-06-27,UK,low,referral,True
2841,2023-07-26,USA,high,ads,True
2842,2024-07-22,Australia,medium,organic,True
2843,2024-11-11,France,low,organic,True
2844,2024-12-01,USA,low,organic,False
2845,2024-02-22,USA,medium,referral,True
2846,2023-06-05,UK,low,referral,False
2847,2024-08-15,USA,low,email,False
2848,2022-12-05,Canada,low,ads,True
2849,2024-02-09,France,high,social,True
2850,2023-06-07,UK,medium,organic,True
2851,2024-05-04,USA,low,ads,False
2852,2022-11-13,Canada,medium,ads,True
2853,2022-07-25,USA,medium,organic,True
2854,2024-11-11,USA,medium,organic,True
2855,2021-10-19,USA,low,organic,True
2856,2023-12-11,USA,low,email,False
2857,2022-10-02,Spain,low,organic,True
2858,2020-12-04,USA,low,email,True
2859,2020-11-14,Canada,medium,social,True
2860,2022-06-13,USA,low,referral,True
2861,2024-10-09,USA,low,ads,True
2862,2023-02-03,UK,medium,ads,True
2863,2024-12-01,Canada,low,organic,True
2864,2024-02-26,USA,low,organic,True
2865,2023-09-21,USA,low,organic,True
2866,2024-02-25,USA,low,organic,True
2867,2023-12-22,USA,medium,ads,True
2868,2024-07-25,Spain,high,social,True
2869,2023-02-03,UK,low,organic,True
2870,2023-05-30,Canada,low,ads,True
2871,2024-10-27,France,medium,organic,True
2872,2024-11-29,France,low,referral,True
2873,2024-10-26,Brazil,medium,ads,True
2874,2023-08-30,France,low,ads,True
2875,2024-08-10,UK,low,organic,True
2876,2023-11-08,UK,low,ads,True
2877,2023-12-02,UK,low,organic,True
2878,2022-08-26,Australia,low,referral,False
2879,2024-03-06,UK,medium,ads,True
2880,2022-07-11,UK,low,organic,True
2881,2023-04-27,USA,medium,ads,True
2882,2024-10-01,USA,low,ads,True
2883,2022-09-01,USA,high,email,True
2884,2021-06-06,Spain,low,social,True
2885,2021-05-26,Germany,low,organic,False
2886,2024-11-25,USA,low,ads,True
2887,2023-12-12,Japan,low,referral,True
2888,2023-08-17,UK,medium,referral,True
2889,2024-09-01,Germany,medium,organic,True
2890,2024-09-18,Japan,medium,organic,True
2891,2023-04-28,Brazil,medium,referral,True
2892,2024-06-04,USA,low,organic,True
2893,2024-08-03,Canada,low,organic,True
2894,2024-05-03,USA,medium,ads,True
2895,2022-04-07,France,medium,organic,True
2896,2024-10-15,Australia,high,referral,True
2897,2024-01-15,USA,low,ads,True
2898,2023-02-03,Japan,low,organic,False
2899,2023-09-07,USA,medium,organic,False
2900,2020-11-25,France,low,organic,True
2901,2022-01-22,France,low,social,True
2902,2024-07-30,UK,low,ads,True
2903,2020-01-01,France,low,ads,True
2904,2023-08-27,France,medium,referral,True
2905,2023-12-29,USA,low,ads,True
2906,2021-03-11,Canada,low,social,True
2907,2024-12-15,France,low,ads,True
2908,2022-10-14,Canada,low,organic,True
2909,2023-03-13,Australia,low,referral,True
2910,2023-03-13,USA,low,referral,True
2911,2022-10-23,Germany,low,organic,True
2912,2020-01-17,Mexico,medium,referral,True
2913,2024-07-03,Canada,low,organic,False
2914,2024-12-11,Canada,high,referral,False
2915,2022-10-10,USA,high,ads,True
2916,2024-05-10,Brazil,high,referral,True
2917,2024-07-12,Spain,low,organic,False
2918,2024-09-27,UK,low,organic,True
2919,2023-09-04,USA,medium,organic,False
2920,2023-03-11,UK,low,organic,True
2921,2023-04-17,USA,low,referral,False
2922,2024-06-19,USA,low,referral,True
2923,2024-09-05,USA,high,organic,True
2924,2022-06-30,UK,low,ads,True
2925,2023-06-25,USA,low,email,False
2926,2024-11-01,Australia,low,organic,True
2927,2024-08-29,USA,low,ads,True
2928,2024-12-22,USA,low,ads,True
2929,2024-07-22,Germany,high,ads,True
2930,2023-07-27,Australia,medium,referral,True
2931,2024-03-06,France,low,organic,True
2932,2024-05-08,USA,low,organic,False
2933,2021-07-11,USA,medium,organic,True
2934,2024-01-20,Canada,medium,referral,False
2935,2024-06-17,Australia,medium,ads,True
2936,2022-05-22,Germany,high,organic,True
2937,2024-08-10,France,medium,organic,True
2938,2024-02-28,Spain,low,social,True
2939,2024-12-02,Mexico,low,organic,False
2940,2020-12-27,UK,medium,email,True
2941,2023-01-02,Mexico,medium,ads,True
2942,2024-03-16,UK,medium,ads,True
2943,2023-02-28,USA,medium,organic,True
2944,2024-06-21,USA,medium,referral,True
2945,2024-07-25,USA,low,ads,True
2946,2021-10-22,USA,low,ads,False
2947,2023-12-19,Mexico,medium,ads,False
2948,2023-12-14,France,low,ads,True
2949,2023-06-23,Mexico,medium,organic,True
2950,2024-11-20,Canada,high,referral,True
2951,2024-09-13,USA,medium,organic,True
2952,2024-06-07,Mexico,low,organic,True
2953,2024-06-21,Canada,medium,ads,True
2954,2023-10-22,Australia,medium,ads,True
2955,2024-11-13,France,high,email,True
2956,2024-06-05,USA,low,organic,True
2957,2024-07-02,Canada,low,referral,True
2958,2024-10-06,USA,high,organic,True
2959,2023-01-18,USA,low,organic,True
2960,2024-08-29,Canada,low,organic,True
2961,2022-08-03,USA,low,organic,True
2962,2023-05-18,Germany,medium,ads,True
2963,2023-05-03,Mexico,low,email,True
2964,2024-12-18,Mexico,low,organic,True
2965,2024-10-02,UK,high,referral,True
2966,2024-06-10,Japan,medium,social,True
2967,2024-07-01,Mexico,low,organic,True
2968,2024-02-07,USA,low,ads,True
2969,2024-11-29,Canada,low,referral,True
2970,2023-11-30,Australia,medium,ads,True
2971,2023-07-09,Mexico,medium,ads,False
2972,2022-05-10,USA,low,ads,False
2973,2024-08-14,Canada,medium,ads,True
2974,2024-07-07,Australia,medium,ads,True
2975,2023-07-14,USA,low,organic,True
2976,2020-08-27,Germany,low,referral,True
2977,2024-09-20,USA,medium,referral,True
2978,2020-04-30,Brazil,high,ads,True
2979,2024-06-12,USA,low,organic,False
2980,2024-12-13,Spain,low,email,True
2981,2023-09-22,USA,high,organic,True
2982,2022-11-02,Germany,medium,organic,True
2983,2024-06-13,Canada,low,ads,False
2984,2024-09-05,Spain,low,ads,True
2985,2024-01-22,UK,medium,organic,True
2986,2024-12-11,USA,low,referral,True
2987,2021-02-21,USA,medium,organic,True
2988,2023-12-10,USA,medium,organic,False
2989,2024-06-24,USA,low,organic,False
2990,2024-10-06,USA,low,organic,True
2991,2022-06-24,USA,medium,organic,True
2992,2024-08-24,UK,low,email,True
2993,2024-01-29,Germany,low,ads,True
2994,2023-07-31,Mexico,high,organic,True
2995,2022-02-04,Spain,low,referral,True
2996,2024-10-08,UK,medium,referral,True
2997,2022-04-24,UK,low,organic,True
2998,2023-03-23,UK,low,referral,False
2999,2023-02-16,USA,low,ads,True
3000,2024-10-12,UK,medium,referral,True
3001,2024-05-18,Spain,low,referral,True
3002,2024-08-22,Canada,high,ads,True
3003,2022-12-04,Canada,low,organic,True
3004,2024-04-06,USA,medium,ads,True
3005,2024-02-17,USA,medium,organic,True
3006,2024-09-16,France,medium,ads,True
3007,2024-11-04,USA,low,organic,True
3008,2020-05-07,USA,low,referral,False
3009,2024-05-19,Mexico,low,ads,True
3010,2021-02-22,USA,low,ads,False
3011,2024-01-25,USA,low,email,True
3012,2023-02-12,UK,low,organic,True
3013,2023-03-17,Germany,low,organic,True
3014,2023-05-30,UK,medium,ads,False
3015,2024-04-03,Spain,low,email,True
3016,2023-05-01,USA,low,referral,True
3017,2024-07-05,Canada,medium,organic,True
3018,2023-08-11,Canada,low,ads,True
3019,2021-05-23,UK,low,ads,False
3020,2024-08-13,USA,high,organic,True
3021,2023-02-09,Mexico,low,organic,True
3022,2023-09-16,USA,low,ads,True
3023,2024-05-28,Spain,low,organic,True
3024,2023-04-28,USA,medium,organic,True
3025,2021-03-22,USA,high,organic,True
3026,2023-06-30,USA,medium,organic,True
3027,2024-11-28,USA,high,organic,True
3028,2024-04-21,Canada,low,organic,True
3029,2024-05-17,Germany,low,ads,False
3030,2024-04-13,Germany,low,referral,True
3031,2022-08-12,USA,low,ads,True
3032,2023-08-29,USA,medium,ads,True
3033,2024-07-19,USA,high,organic,True
3034,2021-10-17,USA,medium,organic,True
3035,2023-01-25,Canada,high,referral,True
3036,2023-01-23,France,medium,referral,True
3037,2023-09-15,USA,low,email,True
3038,2024-12-19,UK,low,organic,False
3039,2021-05-19,UK,low,ads,False
3040,2023-12-25,USA,low,referral,False
3041,2022-06-24,Canada,low,referral,True
3042,2024-12-13,Canada,low,referral,True
3043,2021-12-02,USA,medium,email,True
3044,2023-08-10,USA,medium,referral,True
3045,2024-07-09,USA,medium,ads,True
3046,2024-06-13,USA,low,organic,False
3047,2023-09-04,USA,medium,ads,True
3048,2023-05-20,France,medium,ads,True
3049,2023-08-02,USA,low,email,False
3050,2022-12-31,UK,medium,organic,True
3051,2022-08-27,UK,medium,ads,True
3052,2023-11-15,Canada,low,organic,True
3053,2023-01-08,USA,medium,organic,True
3054,2023-02-12,UK,medium,organic,True
3055,2024-05-04,USA,low,organic,False
3056,2024-12-12,Spain,low,ads,True
3057,2024-03-18,UK,low,referral,False
3058,2021-07-04,UK,high,referral,True
3059,2021-06-27,USA,high,ads,True
3060,2024-12-02,UK,medium,ads,True
3061,2023-03-01,USA,low,referral,True
3062,2021-09-09,USA,low,email,True
3063,2024-03-14,USA,low,ads,False
3064,2024-04-05,Germany,medium,ads,True
3065,2024-04-27,Canada,low,referral,True
3066,2023-01-06,USA,low,referral,False
3067,2020-06-03,USA,medium,email,True
3068,2024-12-10,UK,low,organic,False
3069,2022-12-05,Brazil,medium,organic,True
3070,2024-05-21,Canada,low,organic,True
3071,2024-06-15,Canada,low,organic,True
3072,2024-03-24,France,high,organic,True
3073,2023-03-28,France,high,organic,True
3074,2023-01-13,UK,high,organic,False
3075,2024-03-12,UK,medium,organic,True
3076,2024-10-09,Spain,high,ads,True
3077,2024-11-29,UK,medium,referral,True
3078,2021-11-04,Spain,low,social,False
3079,2022-04-17,UK,low,organic,True
3080,2024-11-28,USA,low,ads,True
3081,2024-07-08,Australia,low,ads,True
3082,2024-10-20,Germany,low,social,True
3083,2022-08-21,UK,medium,referral,True
3084,2024-03-03,Australia,low,ads,True
3085,2024-06-10,France,low,organic,True
3086,2024-05-24,Canada,medium,referral,False
3087,2023-08-16,Canada,low,organic,True
3088,2020-06-05,USA,medium,organic,True
3089,2024-02-27,Germany,low,organic,False
3090,2022-12-09,USA,medium,organic,True
3091,2023-10-08,Brazil,low,ads,True
3092,2024-12-05,Brazil,low,email,True
3093,2023-08-04,France,low,social,False
3094,2024-09-21,USA,medium,email,True
3095,2022-07-17,UK,low,organic,True
3096,2024-05-18,Brazil,low,ads,True
3097,2024-12-17,UK,medium,social,True
3098,2021-10-19,Japan,medium,referral,True
3099,2020-03-30,Canada,low,email,True
3100,2023-09-17,France,low,email,True
3101,2021-09-11,USA,medium,organic,False
3102,2024-07-17,Australia,low,organic,True
3103,2024-11-09,Australia,high,referral,True
3104,2023-09-18,USA,high,ads,True
3105,2022-12-20,UK,medium,email,True
3106,2023-09-18,UK,low,referral,True
3107,2024-06-28,USA,low,organic,False
3108,2020-04-07,USA,low,organic,True
3109,2024-03-05,UK,medium,ads,True
3110,2024-03-27,Spain,low,organic,True
3111,2024-04-18,France,low,referral,True
3112,2022-11-16,Canada,low,organic,False
3113,2024-06-21,UK,medium,ads,True
3114,2021-09-06,UK,low,ads,True
3115,2022-08-13,UK,medium,organic,True
3116,2024-10-16,USA,medium,ads,True
3117,2024-07-10,Canada,high,ads,True
3118,2020-05-21,Germany,medium,organic,True
3119,2022-11-29,Australia,medium,organic,True
3120,2022-09-18,Australia,medium,email,True
3121,2023-01-12,Canada,low,referral,True
3122,2022-11-28,USA,medium,social,False
3123,2021-04-23,USA,medium,email,True
3124,2023-10-18,UK,low,referral,True
3125,2024-07-05,USA,medium,referral,True
3126,2024-03-21,UK,low,organic,True
3127,2024-05-18,UK,medium,organic,True
3128,2021-07-23,UK,medium,referral,True
3129,2024-12-02,Canada,low,social,True
3130,2024-09-20,USA,low,organic,True
3131,2024-08-28,USA,low,referral,True
3132,2024-09-09,USA,low,referral,True
3133,2024-11-20,Canada,medium,social,True
3134,2024-01-20,Canada,high,organic,True
3135,2022-08-15,USA,medium,ads,True
3136,2024-03-30,Spain,low,email,True
3137,2024-07-13,USA,low,ads,True
3138,2024-07-09,USA,medium,referral,True
3139,2023-12-28,Germany,high,referral,True
3140,2021-05-24,Australia,low,referral,False
3141,2023-06-26,Spain,low,referral,False
3142,2024-11-13,USA,low,organic,False
3143,2024-02-29,France,low,organic,False
3144,2024-01-14,USA,medium,ads,True
3145,2023-01-09,USA,high,referral,True
3146,2023-06-22,UK,low,ads,False
3147,2024-10-28,Canada,low,ads,True
3148,2024-05-13,USA,medium,email,True
3149,2024-08-15,Spain,medium,referral,True
3150,2023-10-13,USA,low,ads,True
3151,2024-04-11,Brazil,medium,organic,True
3152,2022-11-29,UK,low,ads,False
3153,2024-06-14,France,low,ads,True
3154,2023-09-10,USA,low,ads,True
3155,2023-09-29,UK,low,ads,False
3156,2024-04-28,Canada,low,social,True
3157,2024-11-23,USA,high,referral,True
3158,2021-05-01,USA,medium,organic,True
3159,2024-09-11,France,low,referral,True
3160,2023-02-21,Germany,low,email,True
3161,2023-09-30,Germany,medium,referral,True
3162,2020-07-31,Spain,low,ads,True
3163,2023-03-08,France,medium,social,True
3164,2023-12-07,UK,medium,organic,True
3165,2021-03-19,USA,medium,organic,True
3166,2023-11-24,USA,low,organic,True
3167,2024-11-17,UK,low,email,True
3168,2021-11-02,USA,high,ads,True
3169,2024-07-29,Spain,low,ads,True
3170,2023-08-18,Spain,high,ads,True
3171,2024-05-03,USA,medium,referral,False
3172,2022-12-23,USA,low,email,False
3173,2022-04-30,France,medium,organic,True
3174,2022-05-03,France,low,email,True
3175,2021-06-03,USA,medium,social,True
3176,2022-07-10,UK,low,organic,True
3177,2024-05-11,Australia,high,organic,True
3178,2024-10-19,Germany,low,ads,True
3179,2024-09-03,USA,medium,referral,True
3180,2024-05-28,France,low,email,False
3181,2021-11-21,UK,medium,ads,True
3182,2023-02-15,Canada,medium,social,True
3183,2023-03-23,USA,medium,referral,False
3184,2022-12-03,USA,low,referral,False
3185,2023-12-21,UK,medium,ads,True
3186,2024-01-11,Canada,low,referral,True
3187,2023-06-05,USA,low,email,True
3188,2023-05-31,Spain,low,social,True
3189,2024-09-13,Canada,high,ads,True
3190,2024-08-17,USA,medium,ads,True
3191,2023-03-19,USA,medium,ads,True
3192,2024-11-09,Spain,high,organic,True
3193,2024-12-03,Germany,low,ads,False
3194,2023-04-19,Canada,low,email,True
3195,2023-06-01,USA,medium,referral,True
3196,2023-12-11,UK,high,referral,True
3197,2024-11-25,USA,medium,referral,True
3198,2024-10-15,Canada,low,ads,True
3199,2021-10-22,Mexico,low,organic,True
3200,2023-07-26,Spain,low,referral,False
3201,2024-01-29,Canada,medium,ads,True
3202,2023-12-08,Canada,low,email,True
3203,2022-07-31,USA,medium,ads,True
3204,2024-10-04,UK,low,referral,True
3205,2024-05-21,USA,low,organic,True
3206,2024-09-20,France,medium,ads,True
3207,2024-10-04,Germany,low,ads,False
3208,2024-07-17,USA,medium,referral,True
3209,2023-09-24,Australia,medium,organic,True
3210,2024-03-24,Canada,medium,ads,True
3211,2022-05-03,Canada,low,ads,True
3212,2024-05-19,USA,low,referral,True
3213,2022-06-24,USA,low,email,True
3214,2024-06-04,France,medium,organic,True
3215,2022-10-21,USA,low,organic,True
3216,2021-12-17,Mexico,low,referral,False
3217,2022-05-17,Canada,low,ads,True
3218,2020-01-23,UK,medium,organic,True
3219,2024-06-24,UK,medium,organic,True
3220,2024-07-05,USA,low,organic,True
3221,2023-12-21,USA,medium,social,True
3222,2022-05-06,UK,low,organic,True
3223,2021-08-03,Canada,medium,ads,True
3224,2020-07-08,France,high,referral,True
3225,2022-05-18,UK,low,ads,True
3226,2024-10-25,USA,high,organic,True
3227,2022-11-15,UK,low,referral,False
3228,2023-06-01,Canada,medium,organic,True
3229,2021-11-02,France,high,organic,True
3230,2022-10-05,UK,low,organic,True
3231,2023-12-25,Canada,high,organic,True
3232,2024-03-22,Canada,low,referral,False
3233,2022-11-23,USA,low,organic,True
3234,2021-03-28,USA,high,organic,True
3235,2023-07-24,USA,medium,social,True
3236,2022-10-31,Brazil,low,ads,True
3237,2022-09-29,Canada,high,ads,True
3238,2024-12-07,Spain,medium,ads,False
3239,2024-03-30,USA,low,referral,True
3240,2024-02-02,Germany,low,organic,False
3241,2023-08-26,Spain,low,ads,True
3242,2023-09-12,USA,low,organic,True
3243,2024-01-17,USA,medium,ads,True
3244,2024-06-06,Germany,high,ads,True
3245,2024-06-11,Spain,medium,ads,True
3246,2022-06-03,France,low,ads,False
3247,2023-12-04,France,medium,organic,True
3248,2023-08-21,Canada,medium,ads,True
3249,2024-10-12,Canada,medium,organic,True
3250,2024-04-12,Canada,medium,organic,True
3251,2024-01-08,Germany,medium,organic,True
3252,2021-12-09,Canada,medium,referral,True
3253,2024-03-20,Japan,low,email,True
3254,2021-12-16,USA,medium,ads,True
3255,2023-05-06,UK,low,ads,True
3256,2022-03-11,UK,low,organic,True
3257,2024-06-03,USA,low,referral,True
3258,2022-08-30,Germany,low,ads,True
3259,2023-07-25,Canada,medium,ads,True
3260,2024-10-28,USA,low,social,True
3261,2022-08-25,Germany,low,ads,True
3262,2023-12-13,USA,low,organic,True
3263,2023-08-30,UK,low,organic,True
3264,2020-06-29,France,low,ads,True
3265,2024-08-19,Australia,medium,email,False
3266,2021-05-26,Canada,medium,ads,True
3267,2023-11-05,UK,low,ads,True
3268,2024-02-06,France,low,organic,True
3269,2024-04-10,France,medium,referral,True
3270,2024-05-31,Spain,low,referral,True
3271,2022-12-09,USA,low,email,True
3272,2020-04-16,USA,low,ads,False
3273,2024-06-28,USA,low,referral,False
3274,2024-01-11,USA,high,organic,True
3275,2024-09-19,France,medium,social,True
3276,2024-09-08,Germany,low,organic,True
3277,2024-09-23,USA,medium,organic,False
3278,2023-11-18,Canada,low,referral,True
3279,2023-04-30,USA,low,email,True
3280,2024-08-18,USA,low,organic,True
3281,2023-10-09,UK,medium,ads,True
3282,2022-07-04,Germany,low,organic,False
3283,2024-10-01,USA,low,organic,True
3284,2024-10-20,France,low,email,False
3285,2023-10-27,USA,medium,referral,True
3286,2021-06-28,USA,medium,email,False
3287,2023-07-19,USA,low,ads,True
3288,2024-08-27,Spain,medium,ads,True
3289,2024-11-01,UK,high,ads,True
3290,2022-08-23,Spain,medium,referral,True
3291,2021-05-16,Canada,low,ads,True
3292,2024-10-16,Mexico,low,email,True
3293,2023-07-21,USA,low,referral,True
3294,2024-01-18,Spain,low,organic,True
3295,2024-12-12,UK,medium,ads,True
3296,2021-05-14,Spain,low,referral,True
3297,2024-04-27,UK,low,ads,True
3298,2021-06-20,USA,low,email,True
3299,2023-07-02,USA,low,organic,True
3300,2024-08-27,Spain,low,organic,False
3301,2023-09-17,USA,medium,organic,True
3302,2024-12-29,USA,low,organic,False
3303,2024-02-04,UK,high,organic,True
3304,2023-04-10,Canada,low,organic,True
3305,2022-09-30,Australia,low,referral,False
3306,2023-05-26,UK,low,organic,True
3307,2023-06-28,USA,low,ads,True
3308,2021-05-25,Germany,high,organic,True
3309,2023-06-23,Germany,low,referral,True
3310,2023-10-25,UK,low,referral,False
3311,2024-06-27,Canada,high,email,True
3312,2024-05-04,USA,low,referral,False
3313,2024-06-16,Canada,medium,organic,True
3314,2020-03-31,USA,medium,organic,True
3315,2022-09-25,USA,low,organic,True
3316,2024-05-09,Germany,low,referral,True
3317,2023-11-16,USA,medium,referral,True
3318,2020-02-28,Germany,low,organic,True
3319,2024-08-27,UK,high,ads,True
3320,2024-08-05,Germany,low,referral,True
3321,2024-01-24,USA,low,email,True
3322,2021-05-13,Canada,low,organic,True
3323,2024-07-31,Canada,low,organic,True
3324,2024-02-28,UK,medium,referral,True
3325,2024-08-11,Mexico,low,email,True
3326,2024-07-20,UK,low,ads,True
3327,2024-08-26,USA,low,ads,False
3328,2023-12-24,USA,medium,ads,True
3329,2022-03-04,UK,high,referral,True
3330,2024-05-17,USA,medium,organic,True
3331,2024-04-02,USA,low,ads,False
3332,2024-07-13,France,low,referral,True
3333,2022-05-29,USA,low,ads,True
3334,2022-08-03,Canada,medium,organic,True
3335,2024-10-25,Canada,low,ads,False
3336,2024-07-18,USA,low,organic,False
3337,2024-11-05,Canada,low,ads,False
3338,2024-07-25,USA,high,ads,True
3339,2024-03-12,USA,low,organic,False
3340,2024-05-02,UK,low,organic,True
3341,2024-10-24,Canada,low,email,True
3342,2024-02-23,USA,low,ads,True
3343,2024-04-13,France,medium,ads,True
3344,2022-04-22,USA,low,email,False
3345,2023-11-05,USA,low,email,True
3346,2024-06-22,Germany,medium,email,True
3347,2023-01-12,Canada,high,organic,True
3348,2022-08-20,USA,medium,organic,True
3349,2023-03-29,Spain,low,ads,True
3350,2022-11-15,Japan,low,referral,True
3351,2022-09-19,USA,medium,ads,False
3352,2023-09-06,Australia,medium,social,True
3353,2024-11-05,UK,medium,ads,True
3354,2023-12-12,USA,low,organic,True
3355,2022-07-16,Mexico,low,organic,True
3356,2021-07-04,Australia,high,referral,True
3357,2024-06-06,UK,low,organic,True
3358,2023-07-12,USA,low,ads,True
3359,2024-09-09,Germany,medium,ads,True
3360,2024-05-07,USA,low,organic,False
3361,2024-08-22,Germany,low,organic,False
3362,2023-01-14,Canada,low,organic,True
3363,2024-06-03,USA,low,referral,False
3364,2022-12-30,UK,low,organic,True
3365,2024-11-24,Canada,medium,organic,False
3366,2024-04-17,USA,low,referral,True
3367,2023-04-16,Spain,low,organic,True
3368,2023-01-10,USA,low,referral,False
3369,2022-07-23,UK,medium,ads,True
3370,2024-06-05,USA,low,organic,False
3371,2022-09-27,Japan,low,email,False
3372,2024-03-10,Canada,low,organic,False
3373,2022-12-31,Canada,high,email,True
3374,2024-05-09,USA,low,email,True
3375,2024-09-04,Canada,low,referral,True
3376,2024-08-08,UK,high,organic,True
3377,2024-07-27,UK,low,ads,True
3378,2022-07-15,UK,medium,ads,True
3379,2021-08-24,UK,low,organic,False
3380,2024-06-08,USA,medium,ads,True
3381,2023-06-22,Canada,low,ads,True
3382,2023-09-16,Canada,low,ads,False
3383,2020-10-11,USA,medium,referral,True
3384,2022-12-22,Canada,medium,organic,True
3385,2020-10-29,Canada,low,organic,False
3386,2024-10-17,USA,medium,ads,True
3387,2022-11-19,Canada,medium,email,True
3388,2024-02-02,USA,low,organic,True
3389,2020-12-04,France,high,ads,True
3390,2024-05-13,USA,low,social,True
3391,2023-04-13,Germany,low,ads,True
3392,2024-10-29,USA,medium,organic,True
3393,2024-10-23,USA,high,referral,True
3394,2023-04-17,USA,low,referral,True
3395,2024-10-31,USA,low,ads,False
3396,2024-12-28,USA,medium,organic,True
3397,2024-09-11,USA,low,organic,True
3398,2024-09-24,UK,low,organic,True
3399,2022-12-01,USA,low,ads,True
3400,2024-02-21,Germany,low,email,True
3401,2021-05-17,USA,low,referral,True
3402,2021-09-21,USA,low,organic,True
3403,2024-12-30,UK,low,referral,False
3404,2023-04-19,USA,medium,email,True
3405,2024-07-17,Australia,low,ads,True
3406,2024-08-29,USA,medium,ads,True
3407,2024-10-03,USA,high,email,True
3408,2024-12-29,Canada,medium,referral,True
3409,2022-11-15,Australia,low,organic,True
3410,2020-12-13,France,medium,ads,True
3411,2023-08-20,Canada,medium,referral,True
3412,2022-01-29,USA,low,email,True
3413,2020-08-05,USA,high,ads,True
3414,2023-06-10,UK,medium,referral,True
3415,2024-08-13,Germany,low,organic,True
3416,2024-02-11,USA,low,ads,True
3417,2023-03-28,USA,low,organic,True
3418,2024-05-02,USA,high,referral,True
3419,2022-10-26,Brazil,medium,ads,True
3420,2020-05-27,USA,medium,organic,True
3421,2024-07-29,UK,low,organic,True
3422,2024-04-05,USA,medium,organic,True
3423,2024-07-28,USA,high,email,True
3424,2020-12-04,USA,low,organic,False
3425,2024-09-19,USA,low,ads,True
3426,2024-04-02,France,low,ads,True
3427,2024-02-08,USA,low,ads,False
3428,2024-04-06,Germany,medium,ads,True
3429,2024-10-08,USA,high,referral,True
3430,2024-03-02,Germany,low,email,True
3431,2024-02-26,USA,low,organic,True
3432,2024-12-25,Spain,medium,ads,True
3433,2024-07-24,Canada,low,organic,False
3434,2023-09-28,USA,low,organic,True
3435,2024-06-15,UK,medium,email,False
3436,2023-07-21,UK,high,ads,True
3437,2022-10-20,Canada,low,ads,True
3438,2024-03-12,Spain,low,email,True
3439,2024-11-17,USA,medium,referral,True
3440,2024-11-18,France,low,referral,False
3441,2023-05-13,USA,low,email,True
3442,2024-01-03,UK,high,ads,True
3443,2022-09-11,Mexico,medium,referral,False
3444,2024-12-28,USA,medium,ads,True
3445,2024-12-19,UK,low,ads,True
3446,2024-04-28,Spain,medium,organic,True
3447,2024-08-27,France,high,ads,True
3448,2024-06-21,Canada,medium,organic,False
3449,2024-03-08,France,medium,ads,True
3450,2021-03-03,USA,medium,ads,True
3451,2023-10-13,Canada,medium,organic,True
3452,2024-05-20,USA,low,organic,True
3453,2024-05-22,Mexico,medium,organic,True
3454,2023-06-29,USA,high,organic,True
3455,2024-11-26,UK,medium,ads,True
3456,2022-05-22,Canada,medium,organic,True
3457,2023-12-05,France,low,email,False
3458,2024-06-02,Canada,medium,email,True
3459,2024-06-07,USA,medium,ads,True
3460,2024-04-27,UK,high,organic,True
3461,2023-01-21,UK,medium,organic,True
3462,2022-04-21,USA,medium,referral,True
3463,2024-04-16,Canada,low,ads,True
3464,2024-03-14,France,low,ads,True
3465,2022-06-24,Brazil,low,organic,True
3466,2024-06-13,USA,medium,ads,True
3467,2023-10-14,Australia,low,referral,True
3468,2024-05-14,USA,high,referral,True
3469,2024-09-19,UK,low,email,True
3470,2022-05-29,USA,low,organic,False
3471,2020-07-08,USA,low,referral,True
3472,2024-08-09,USA,low,organic,True
3473,2024-03-24,Germany,high,referral,True
3474,2024-06-09,Canada,low,ads,True
3475,2024-09-20,Germany,low,ads,True
3476,2024-08-26,Canada,medium,organic,True
3477,2024-12-07,Canada,low,referral,True
3478,2024-01-12,Brazil,low,ads,False
3479,2023-11-22,Canada,low,organic,True
3480,2023-08-07,USA,low,referral,True
3481,2022-04-13,UK,medium,email,True
3482,2024-02-17,Germany,low,ads,False
3483,2023-01-24,USA,low,organic,True
3484,2024-11-13,Canada,low,referral,True
3485,2024-02-28,USA,high,referral,True
3486,2024-03-08,USA,medium,organic,True
3487,2023-06-02,Canada,medium,ads,True
3488,2021-02-23,UK,low,ads,False
3489,2020-10-15,France,low,organic,True
3490,2023-09-04,Canada,medium,ads,True
3491,2021-08-08,Brazil,low,organic,False
3492,2024-03-21,USA,low,ads,True
3493,2024-10-18,Canada,medium,ads,True
3494,2024-10-20,USA,low,organic,True
3495,2024-05-06,France,low,ads,True
3496,2022-09-10,Spain,low,organic,True
3497,2024-10-07,Spain,medium,social,True
3498,2024-10-22,USA,low,referral,True
3499,2022-08-07,UK,low,social,True
3500,2024-07-09,USA,low,organic,True
3501,2023-02-10,Brazil,low,organic,True
3502,2024-08-26,USA,low,email,False
3503,2024-12-29,USA,low,email,True
3504,2020-10-02,Canada,low,ads,True
3505,2024-10-29,UK,low,social,False
3506,2024-04-04,USA,low,ads,True
3507,2024-12-15,UK,low,organic,False
3508,2023-10-26,France,medium,ads,True
3509,2024-09-26,UK,low,organic,True
3510,2021-04-22,Spain,low,organic,True
3511,2023-05-03,UK,low,ads,True
3512,2021-05-16,USA,low,social,True
3513,2024-12-16,UK,low,ads,True
3514,2024-09-05,Canada,medium,ads,False
3515,2024-09-30,USA,low,ads,True
3516,2024-11-24,UK,low,organic,True
3517,2021-08-10,Canada,medium,organic,True
3518,2023-07-16,USA,low,ads,True
3519,2021-06-05,USA,low,referral,True
3520,2022-09-09,Canada,low,organic,True
3521,2022-10-21,Canada,low,referral,True
3522,2023-10-30,USA,medium,organic,True
3523,2023-01-08,UK,low,ads,True
3524,2021-10-16,USA,low,organic,True
3525,2022-05-23,Canada,low,referral,True
3526,2022-03-25,Mexico,low,email,True
3527,2024-12-15,UK,medium,referral,True
3528,2024-07-25,USA,high,organic,True
3529,2024-12-12,USA,low,email,True
3530,2023-09-25,UK,low,ads,True
3531,2023-01-26,Canada,low,organic,True
3532,2024-08-23,Canada,medium,organic,True
3533,2023-04-19,UK,low,ads,False
3534,2023-03-05,Canada,low,organic,True
3535,2022-10-27,Germany,low,ads,True
3536,2022-01-28,USA,medium,organic,True
3537,2022-12-16,Germany,medium,ads,True
3538,2023-06-03,USA,low,ads,True
3539,2024-05-19,USA,medium,organic,True
3540,2021-04-23,France,medium,ads,True
3541,2022-09-09,Mexico,low,referral,True
3542,2024-08-31,USA,high,organic,True
3543,2022-03-24,UK,medium,ads,True
3544,2023-05-14,Germany,low,organic,True
3545,2024-10-08,USA,low,organic,True
3546,2022-04-17,USA,low,referral,True
3547,2021-07-30,USA,low,referral,True
3548,2023-11-17,Germany,low,organic,True
3549,2023-03-10,Germany,low,ads,False
3550,2024-02-08,USA,medium,social,True
3551,2024-08-27,Canada,low,organic,True
3552,2022-02-21,USA,medium,referral,True
3553,2024-02-25,Australia,low,social,True
3554,2023-12-10,UK,high,organic,True
3555,2022-03-15,UK,medium,ads,True
3556,2024-04-06,France,low,organic,True
3557,2023-01-18,Germany,low,referral,False
3558,2023-11-21,USA,low,organic,False
3559,2021-07-28,UK,medium,ads,True
3560,2023-10-19,Australia,low,organic,True
3561,2023-03-17,France,low,organic,True
3562,2024-09-09,Canada,low,organic,True
3563,2021-03-24,Germany,low,organic,False
3564,2023-08-29,UK,medium,organic,True
3565,2023-10-18,Canada,medium,organic,True
3566,2024-06-29,Mexico,high,ads,True
3567,2024-02-19,USA,low,ads,True
3568,2024-05-13,UK,medium,ads,True
3569,2024-08-08,UK,low,organic,True
3570,2024-10-06,USA,medium,organic,False
3571,2023-03-29,Australia,medium,organic,True
3572,2024-01-14,France,medium,referral,True
3573,2024-09-21,UK,low,ads,False
3574,2024-12-24,UK,low,referral,True
3575,2024-10-24,Australia,high,ads,False
3576,2023-06-26,USA,low,ads,True
3577,2022-08-03,Canada,medium,ads,True
3578,2023-11-23,Germany,low,ads,True
3579,2024-07-12,USA,low,organic,False
3580,2023-11-26,UK,low,email,True
3581,2023-11-16,Canada,high,ads,True
3582,2024-09-20,Spain,high,referral,True
3583,2023-06-12,UK,low,ads,True
3584,2024-10-05,UK,medium,organic,False
3585,2023-08-14,Brazil,low,ads,True
3586,2023-04-22,Australia,low,ads,True
3587,2023-10-12,Germany,low,referral,False
3588,2024-07-28,USA,low,ads,False
3589,2022-01-16,Mexico,medium,ads,True
3590,2022-08-06,Brazil,low,referral,True
3591,2024-12-02,UK,low,ads,True
3592,2022-06-14,USA,low,referral,False
3593,2024-02-13,UK,low,ads,False
3594,2024-02-24,Germany,medium,referral,True
3595,2023-11-23,Germany,low,organic,True
3596,2024-04-24,USA,low,organic,True
3597,2022-10-22,Germany,low,ads,True
3598,2024-01-29,Spain,low,organic,True
3599,2023-06-27,Germany,low,organic,True
3600,2024-05-09,Australia,low,organic,True
3601,2022-03-06,Canada,low,ads,True
3602,2024-02-16,USA,low,ads,False
3603,2022-07-09,Canada,low,organic,True
3604,2023-01-27,USA,medium,email,True
3605,2022-09-27,USA,low,organic,True
3606,2022-07-03,Canada,low,referral,True
3607,2024-09-11,Brazil,high,ads,True
3608,2023-02-09,Canada,low,referral,False
3609,2024-11-17,Mexico,low,ads,True
3610,2024-12-13,UK,high,organic,True
3611,2024-02-16,Canada,low,ads,True
3612,2022-03-12,USA,low,ads,True
3613,2023-07-01,USA,low,referral,True
3614,2024-08-23,UK,low,email,True
3615,2023-06-20,UK,low,organic,True
3616,2021-08-18,Canada,medium,organic,True
3617,2024-02-02,Canada,low,organic,True
3618,2024-09-25,UK,medium,ads,False
3619,2024-08-21,Germany,low,social,False
3620,2022-06-13,France,medium,ads,True
3621,2024-05-18,USA,low,organic,True
3622,2022-10-01,France,low,email,True
3623,2022-09-26,France,medium,ads,False
3624,2024-10-14,UK,low,ads,False
3625,2022-12-02,USA,low,referral,True
3626,2022-12-29,USA,medium,referral,True
3627,2020-01-08,Canada,low,social,True
3628,2024-10-12,USA,medium,ads,True
3629,2024-08-19,Germany,low,referral,False
3630,2024-04-09,USA,low,organic,True
3631,2024-07-19,USA,high,email,True
3632,2022-04-09,USA,medium,organic,True
3633,2023-10-18,France,low,referral,False
3634,2023-05-27,Canada,medium,organic,True
3635,2021-09-16,USA,high,organic,False
3636,2023-11-19,Germany,low,email,True
3637,2024-11-13,USA,low,ads,True
3638,2020-12-11,France,low,organic,True
3639,2023-02-19,USA,medium,email,True
3640,2022-09-02,Spain,high,organic,True
3641,2022-11-08,Germany,low,email,True
3642,2024-11-05,Spain,medium,organic,True
3643,2023-10-29,Germany,low,organic,True
3644,2023-10-27,Canada,low,ads,False
3645,2024-07-26,USA,low,organic,False
3646,2022-04-16,France,low,organic,True
3647,2023-11-20,France,medium,organic,False
3648,2023-09-13,USA,medium,referral,True
3649,2024-03-12,Canada,high,referral,True
3650,2024-12-30,Australia,high,social,True
3651,2024-08-02,UK,medium,email,True
3652,2023-08-02,Mexico,low,organic,True
3653,2024-09-13,Brazil,medium,ads,True
3654,2022-06-01,USA,high,email,True
3655,2020-10-06,Canada,low,email,True
3656,2022-08-25,USA,low,organic,False
3657,2023-05-11,USA,high,referral,True
3658,2023-12-16,Canada,low,organic,True
3659,2024-03-29,France,low,referral,False
3660,2024-11-06,Spain,low,organic,True
3661,2023-12-15,France,medium,organic,True
3662,2023-12-06,Australia,low,referral,True
3663,2021-02-13,Germany,low,organic,False
3664,2020-11-07,Canada,low,organic,True
3665,2024-01-27,Germany,medium,ads,True
3666,2023-09-23,UK,medium,referral,True
3667,2024-09-21,Canada,medium,referral,True
3668,2022-05-04,Germany,low,organic,True
3669,2020-08-25,Mexico,medium,email,True
3670,2023-10-06,USA,medium,organic,True
3671,2022-11-07,USA,high,organic,True
3672,2021-02-09,Canada,low,email,True
3673,2024-06-29,USA,medium,referral,False
3674,2021-11-25,USA,low,ads,True
3675,2024-03-22,UK,medium,organic,True
3676,2023-01-31,UK,low,ads,False
3677,2022-06-08,UK,low,organic,False
3678,2023-07-08,Canada,low,organic,True
3679,2024-08-25,USA,low,organic,True
3680,2023-07-25,Canada,low,organic,True
3681,2024-07-19,USA,medium,organic,True
3682,2022-01-14,USA,medium,email,True
3683,2024-08-05,Germany,medium,referral,True
3684,2022-11-06,USA,low,ads,True
3685,2024-05-22,USA,medium,organic,True
3686,2024-02-11,USA,low,organic,False
3687,2024-11-18,USA,low,organic,True
3688,2023-07-19,Australia,low,organic,True
3689,2021-05-12,Canada,medium,organic,True
3690,2020-07-08,Canada,low,ads,True
3691,2024-09-12,UK,low,referral,True
3692,2023-12-31,Canada,low,organic,False
3693,2024-08-06,UK,low,ads,True
3694,2022-11-01,France,low,organic,True
3695,2023-05-18,USA,low,ads,True
3696,2020-10-03,USA,medium,referral,True
3697,2024-12-08,USA,high,referral,True
3698,2024-05-14,USA,low,ads,True
3699,2024-11-21,UK,medium,ads,True
3700,2023-01-02,UK,medium,ads,True
3701,2024-03-25,UK,low,ads,True
3702,2024-05-23,USA,medium,social,True
3703,2023-04-04,USA,low,email,False
3704,2024-09-27,USA,low,ads,True
3705,2024-11-29,USA,low,ads,True
3706,2024-10-21,UK,medium,referral,True
3707,2024-07-10,USA,low,referral,True
3708,2023-01-25,Germany,low,referral,False
3709,2023-02-01,UK,medium,ads,True
3710,2024-12-09,Japan,low,ads,True
3711,2020-04-19,France,medium,ads,True
3712,2024-06-22,Brazil,low,ads,True
3713,2024-06-14,USA,medium,referral,True
3714,2024-04-04,Canada,low,organic,True
3715,2024-12-25,UK,low,ads,True
3716,2023-03-26,Australia,medium,ads,True
3717,2023-05-10,Canada,medium,organic,True
3718,2021-07-13,Canada,low,ads,True
3719,2023-09-29,Mexico,high,ads,True
3720,2022-12-25,Canada,low,ads,False
3721,2023-05-15,USA,high,ads,True
3722,2024-09-17,Australia,low,organic,False
3723,2024-11-22,Mexico,high,organic,True
3724,2022-07-10,UK,medium,organic,False
3725,2023-06-28,UK,medium,ads,True
3726,2024-11-18,USA,low,ads,False
3727,2021-04-19,Australia,medium,organic,True
3728,2021-09-10,France,low,email,True
3729,2022-05-10,UK,medium,referral,True
3730,2024-03-10,France,medium,referral,True
3731,2022-04-04,UK,medium,ads,True
3732,2024-12-12,USA,low,organic,True
3733,2023-10-04,Spain,medium,organic,True
3734,2023-12-06,USA,low,organic,True
3735,2022-11-26,UK,low,organic,True
3736,2023-11-01,Mexico,low,ads,True
3737,2024-05-09,USA,medium,ads,True
3738,2024-07-19,Mexico,medium,ads,False
3739,2024-07-21,UK,low,ads,True
3740,2024-02-23,USA,low,email,True
3741,2024-11-03,USA,medium,ads,True
3742,2024-09-06,Canada,low,ads,True
3743,2024-07-24,Germany,high,organic,True
3744,2021-03-16,Spain,low,email,True
3745,2020-03-16,UK,low,email,False
3746,2022-09-13,USA,low,email,True
3747,2024-05-10,UK,medium,organic,True
3748,2023-08-20,Germany,low,organic,False
3749,2023-08-08,Brazil,low,ads,True
3750,2024-10-21,Germany,medium,ads,True
3751,2024-10-28,Canada,medium,referral,True
3752,2024-11-06,Australia,low,ads,False
3753,2023-03-29,Germany,low,ads,False
3754,2024-06-02,USA,low,ads,False
3755,2023-01-14,UK,low,ads,False
3756,2022-07-23,USA,medium,ads,True
3757,2022-07-08,USA,low,email,True
3758,2023-05-14,USA,low,email,False
3759,2023-09-13,France,low,ads,True
3760,2024-09-15,Canada,high,ads,True
3761,2021-12-25,Canada,high,organic,True
3762,2024-07-07,USA,low,email,True
3763,2024-01-07,USA,low,organic,False
3764,2023-02-13,UK,medium,social,True
3765,2023-11-26,Canada,medium,organic,True
3766,2023-03-06,UK,medium,referral,True
3767,2024-03-11,USA,low,organic,True
3768,2023-09-18,Canada,low,organic,False
3769,2022-05-14,UK,medium,organic,True
3770,2021-12-14,Canada,medium,ads,True
3771,2024-01-23,Canada,medium,organic,True
3772,2024-11-01,Germany,low,ads,False
3773,2023-05-16,Canada,low,referral,True
3774,2024-07-05,Germany,low,ads,True
3775,2024-05-06,USA,low,ads,True
3776,2024-11-20,Australia,medium,organic,False
3777,2024-09-08,USA,low,organic,False
3778,2024-02-12,France,high,ads,True
3779,2024-05-05,USA,high,organic,True
3780,2024-10-30,USA,low,ads,True
3781,2023-08-04,Germany,medium,ads,True
3782,2023-04-19,UK,low,referral,True
3783,2020-04-24,UK,medium,organic,True
3784,2024-09-12,Canada,low,referral,True
3785,2024-08-25,UK,low,referral,True
3786,2021-10-29,UK,low,ads,True
3787,2024-02-22,USA,low,organic,False
3788,2023-10-24,UK,low,social,True
3789,2021-12-21,France,low,email,False
3790,2024-12-19,UK,low,ads,True
3791,2022-09-18,Mexico,low,referral,True
3792,2021-05-17,USA,medium,ads,True
3793,2024-03-10,Canada,medium,referral,True
3794,2024-07-10,Australia,low,organic,True
3795,2020-10-20,France,medium,organic,True
3796,2024-05-06,Germany,low,email,True
3797,2024-01-08,UK,low,organic,True
3798,2021-10-25,Mexico,low,ads,False
3799,2022-06-06,Canada,medium,ads,True
3800,2024-02-13,Canada,low,organic,True
3801,2023-02-28,USA,high,organic,True
3802,2024-11-24,USA,low,social,True
3803,2024-09-06,Canada,low,organic,False
3804,2024-12-21,UK,low,ads,True
3805,2022-12-22,Mexico,medium,ads,True
3806,2024-12-13,USA,low,referral,True
3807,2023-09-14,Germany,medium,organic,True
3808,2023-05-22,Australia,low,ads,True
3809,2021-02-14,USA,medium,organic,True
3810,2021-02-28,UK,medium,email,True
3811,2024-06-03,Canada,low,organic,True
3812,2023-10-17,UK,low,organic,True
3813,2022-10-15,USA,low,email,True
3814,2024-03-27,USA,low,organic,True
3815,2022-12-08,France,high,ads,True
3816,2024-02-22,USA,low,organic,False
3817,2023-06-08,USA,medium,ads,True
3818,2024-09-10,France,low,social,True
3819,2024-09-08,Spain,high,email,True
3820,2023-11-09,Spain,high,ads,True
3821,2023-05-27,Australia,medium,organic,True
3822,2023-06-13,Japan,medium,ads,True
3823,2024-08-28,UK,low,email,True
3824,2023-04-22,UK,low,ads,True
3825,2022-09-05,USA,low,social,False
3826,2021-08-08,USA,medium,email,True
3827,2023-10-28,USA,low,social,True
3828,2023-11-14,Germany,medium,organic,True
3829,2024-09-22,UK,low,ads,True
3830,2022-10-03,USA,medium,email,True
3831,2023-07-10,USA,low,referral,False
3832,2024-08-30,Canada,low,organic,True
3833,2024-09-10,USA,high,referral,True
3834,2023-07-15,Canada,medium,ads,True
3835,2023-10-19,Australia,high,referral,True
3836,2023-03-11,USA,medium,referral,True
3837,2024-11-20,UK,medium,ads,True
3838,2021-12-21,Canada,low,referral,True
3839,2024-11-21,USA,low,referral,True
3840,2024-05-27,Canada,high,referral,True
3841,2024-01-07,Canada,low,organic,True
3842,2020-10-22,UK,medium,referral,True
3843,2023-11-07,USA,low,ads,True
3844,2023-08-15,UK,low,organic,True
3845,2022-05-05,USA,medium,email,True
3846,2024-05-04,USA,medium,organic,True
3847,2024-12-14,USA,low,social,True
3848,2024-02-07,Germany,low,social,True
3849,2024-06-21,UK,low,organic,True
3850,2021-05-23,France,high,ads,True
3851,2023-08-28,USA,low,referral,True
3852,2021-12-13,Germany,low,organic,True
3853,2024-03-26,Spain,high,referral,True
3854,2024-11-24,UK,low,ads,False
3855,2024-05-09,UK,low,referral,False
3856,2021-07-03,USA,low,organic,True
3857,2023-06-02,Canada,low,social,True
3858,2024-01-27,USA,medium,ads,True
3859,2023-08-09,Canada,low,organic,True
3860,2024-09-17,France,medium,organic,True
3861,2024-09-04,Spain,low,ads,True
3862,2024-03-26,USA,medium,ads,True
3863,2023-06-29,UK,medium,referral,True
3864,2022-12-13,USA,low,ads,True
3865,2021-11-04,Spain,low,organic,True
3866,2023-06-02,USA,low,organic,True
3867,2023-08-22,USA,low,organic,True
3868,2024-05-20,USA,low,ads,True
3869,2024-05-06,UK,medium,email,False
3870,2021-06-01,USA,low,organic,False
3871,2023-07-29,Canada,low,organic,True
3872,2022-06-30,UK,low,email,True
3873,2022-04-23,Canada,low,ads,True
3874,2024-09-12,Australia,medium,referral,True
3875,2020-12-24,Canada,medium,organic,True
3876,2023-08-30,UK,medium,ads,True
3877,2022-05-25,Japan,low,organic,True
3878,2024-10-17,UK,low,email,True
3879,2024-02-02,Germany,high,organic,True
3880,2022-10-25,UK,low,organic,True
3881,2023-12-07,USA,low,email,True
3882,2024-07-04,Germany,high,ads,True
3883,2024-12-06,Germany,high,social,True
3884,2022-10-01,USA,low,ads,True
3885,2024-10-22,UK,low,ads,False
3886,2024-11-21,UK,medium,referral,True
3887,2024-11-10,UK,medium,organic,True
3888,2024-04-16,UK,medium,ads,True
3889,2024-04-11,Canada,low,organic,True
3890,2023-08-09,France,low,organic,True
3891,2024-07-20,France,medium,organic,True
3892,2024-01-07,Canada,high,ads,True
3893,2024-05-22,USA,high,organic,True
3894,2023-09-11,UK,low,organic,False
3895,2024-07-04,UK,medium,referral,True
3896,2024-09-10,USA,low,organic,True
3897,2022-03-23,Mexico,low,ads,True
3898,2024-09-16,Canada,high,ads,True
3899,2024-01-16,Mexico,medium,organic,True
3900,2024-09-24,Germany,low,social,True
3901,2023-09-15,UK,low,referral,True
3902,2023-07-07,UK,high,ads,False
3903,2024-11-09,USA,low,social,True
3904,2022-12-05,UK,medium,organic,True
3905,2024-09-24,USA,medium,organic,True
3906,2023-11-16,UK,low,organic,True
3907,2023-12-20,USA,medium,social,True
3908,2023-03-20,USA,medium,ads,True
3909,2024-02-18,Australia,low,referral,True
3910,2023-04-17,UK,low,referral,True
3911,2020-12-06,UK,low,ads,True
3912,2023-01-14,UK,low,ads,True
3913,2020-03-11,USA,low,organic,False
3914,2024-12-18,Brazil,medium,email,True
3915,2024-12-10,USA,low,organic,True
3916,2023-07-29,Germany,low,organic,True
3917,2024-07-02,UK,medium,ads,True
3918,2023-05-19,France,medium,social,True
3919,2024-05-17,France,medium,ads,False
3920,2024-08-28,USA,low,referral,True
3921,2024-11-29,UK,low,organic,True
3922,2023-08-05,USA,low,organic,True
3923,2024-08-12,Canada,medium,ads,True
3924,2023-01-03,UK,medium,social,True
3925,2024-12-25,Canada,low,organic,True
3926,2020-08-31,France,low,ads,True
3927,2024-03-18,UK,medium,ads,True
3928,2024-05-07,UK,low,ads,True
3929,2024-05-31,Australia,medium,referral,True
3930,2021-12-27,UK,low,organic,True
3931,2024-11-24,UK,low,organic,False
3932,2022-06-29,Spain,medium,ads,True
3933,2024-04-04,UK,medium,organic,True
3934,2022-10-06,UK,medium,ads,True
3935,2023-03-18,Canada,low,referral,True
3936,2024-01-22,UK,medium,organic,False
3937,2023-08-28,USA,high,ads,True
3938,2022-05-02,USA,low,referral,True
3939,2022-06-01,USA,medium,organic,True
3940,2023-08-29,Canada,low,email,True
3941,2024-07-24,USA,low,referral,True
3942,2024-10-29,USA,high,referral,True
3943,2021-08-06,UK,low,referral,True
3944,2023-07-26,Germany,high,ads,True
3945,2021-10-13,USA,low,ads,True
3946,2020-06-16,USA,low,organic,False
3947,2024-05-09,France,medium,referral,False
3948,2024-03-17,Germany,low,ads,True
3949,2022-05-10,UK,low,referral,True
3950,2022-10-30,UK,medium,organic,True
3951,2020-08-15,USA,low,social,True
3952,2024-09-18,USA,medium,organic,True
3953,2024-12-16,France,medium,organic,False
3954,2022-02-16,USA,low,organic,True
3955,2022-10-25,USA,low,organic,True
3956,2024-10-10,Canada,medium,organic,True
3957,2024-11-16,USA,medium,organic,True
3958,2023-08-31,Canada,low,ads,False
3959,2021-02-15,USA,medium,organic,False
3960,2020-12-07,Canada,medium,organic,True
3961,2024-02-19,USA,low,ads,True
3962,2023-07-26,USA,low,organic,True
3963,2020-09-22,USA,low,organic,True
3964,2024-02-28,Mexico,medium,referral,True
3965,2020-04-29,Canada,medium,referral,True
3966,2024-08-15,Canada,low,ads,True
3967,2023-03-17,USA,low,referral,False
3968,2020-12-13,Germany,low,ads,True
3969,2024-03-04,Canada,low,organic,True
3970,2023-08-02,USA,low,ads,True
3971,2024-12-15,USA,medium,email,True
3972,2024-01-20,UK,low,ads,False
3973,2023-01-21,Japan,low,ads,False
3974,2024-06-17,Spain,medium,email,True
3975,2023-01-14,USA,low,organic,True
3976,2024-11-02,France,low,ads,True
3977,2023-07-01,Canada,high,organic,True
3978,2024-01-26,France,low,organic,True
3979,2021-02-15,France,low,organic,True
3980,2023-09-08,USA,medium,organic,True
3981,2024-09-16,Canada,low,organic,True
3982,2024-08-28,USA,low,email,True
3983,2022-10-10,Germany,high,organic,True
3984,2022-10-14,USA,low,organic,True
3985,2024-09-05,UK,low,ads,False
3986,2024-11-19,Canada,low,referral,True
3987,2021-09-23,USA,low,ads,True
3988,2023-10-08,UK,low,referral,True
3989,2023-05-06,USA,medium,organic,True
3990,2024-10-12,USA,medium,organic,True
3991,2021-08-03,Spain,high,organic,True
3992,2022-09-10,UK,medium,social,True
3993,2024-07-20,UK,low,ads,True
3994,2021-02-19,USA,low,organic,False
3995,2023-11-26,USA,medium,email,True
3996,2023-09-28,UK,low,ads,True
3997,2023-05-02,Canada,medium,referral,True
3998,2023-07-28,USA,low,organic,False
3999,2024-01-05,France,low,referral,False
4000,2022-05-06,UK,low,social,True
4001,2024-02-17,USA,low,ads,False
4002,2024-08-28,UK,medium,ads,True
4003,2024-07-26,USA,low,social,True
4004,2022-04-14,Canada,low,organic,True
4005,2022-03-31,France,low,email,True
4006,2023-01-07,Spain,medium,organic,True
4007,2023-06-11,Germany,low,ads,True
4008,2023-08-16,Canada,medium,social,True
4009,2024-05-24,UK,medium,email,False
4010,2021-03-22,UK,medium,referral,True
4011,2020-11-05,USA,medium,ads,True
4012,2023-07-25,UK,medium,referral,True
4013,2024-06-07,USA,low,ads,True
4014,2022-07-30,France,high,referral,True
4015,2024-04-21,France,low,referral,False
4016,2022-12-22,UK,medium,ads,True
4017,2024-10-22,Canada,medium,organic,True
4018,2024-10-28,Germany,high,ads,False
4019,2023-03-01,Germany,low,referral,False
4020,2022-10-22,Canada,medium,ads,True
4021,2023-08-20,USA,low,organic,True
4022,2022-11-13,USA,low,organic,True
4023,2024-05-18,UK,medium,referral,True
4024,2024-09-12,USA,low,referral,False
4025,2024-05-18,Spain,medium,ads,True
4026,2024-09-10,USA,medium,ads,True
4027,2023-08-01,Spain,low,email,True
4028,2022-04-21,UK,low,social,True
4029,2024-07-09,USA,medium,ads,True
4030,2023-06-10,Germany,low,ads,True
4031,2024-05-17,France,low,ads,True
4032,2023-01-12,Canada,medium,email,False
4033,2021-07-24,USA,low,referral,True
4034,2024-12-26,USA,medium,ads,True
4035,2022-04-21,Canada,low,referral,False
4036,2024-12-24,Canada,medium,ads,True
4037,2024-12-17,USA,low,ads,False
4038,2024-08-20,UK,high,referral,True
4039,2024-05-07,USA,medium,organic,True
4040,2024-02-23,Canada,low,organic,True
4041,2024-10-09,USA,low,ads,True
4042,2023-02-15,Spain,low,ads,True
4043,2023-10-29,UK,high,referral,True
4044,2024-04-01,UK,low,ads,True
4045,2023-08-20,USA,low,email,True
4046,2023-09-10,Canada,low,email,True
4047,2023-04-25,Germany,low,email,True
4048,2024-02-09,UK,low,ads,True
4049,2024-09-28,France,medium,organic,True
4050,2022-08-18,UK,low,organic,True
4051,2024-11-21,UK,low,ads,True
4052,2024-05-31,Canada,low,ads,True
4053,2024-09-10,USA,medium,organic,True
4054,2024-02-01,USA,medium,referral,False
4055,2024-08-09,USA,low,organic,True
4056,2020-06-13,Germany,low,organic,True
4057,2024-09-06,Germany,low,email,True
4058,2020-12-12,Spain,low,organic,True
4059,2024-10-24,Canada,medium,organic,True
4060,2024-12-26,Germany,low,ads,True
4061,2023-02-24,UK,medium,organic,True
4062,2022-09-08,Canada,high,social,False
4063,2024-07-30,USA,low,ads,False
4064,2022-12-09,USA,low,ads,True
4065,2024-10-08,UK,medium,ads,True
4066,2021-10-23,USA,high,social,True
4067,2022-01-15,Canada,low,referral,True
4068,2024-12-18,Canada,medium,organic,True
4069,2024-05-19,Germany,low,referral,True
4070,2024-09-26,USA,low,ads,True
4071,2023-04-15,Mexico,medium,ads,True
4072,2024-05-21,USA,medium,ads,False
4073,2024-03-09,USA,medium,social,True
4074,2024-03-18,USA,medium,referral,True
4075,2024-05-26,Australia,medium,ads,True
4076,2024-02-20,UK,low,organic,True
4077,2023-09-12,USA,medium,ads,True
4078,2023-01-22,USA,low,organic,False
4079,2024-08-01,USA,medium,social,True
4080,2022-10-14,USA,low,organic,True
4081,2024-06-03,UK,low,referral,True
4082,2022-10-29,Brazil,low,organic,False
4083,2024-04-07,Canada,low,organic,True
4084,2024-07-16,UK,low,organic,True
4085,2022-09-27,Germany,low,social,True
4086,2021-04-09,Canada,low,ads,True
4087,2022-02-01,Mexico,low,organic,True
4088,2024-03-20,France,medium,ads,True
4089,2024-09-28,Canada,high,organic,True
4090,2021-01-12,UK,low,referral,True
4091,2024-07-06,USA,low,organic,True
4092,2023-05-12,Canada,medium,ads,True
4093,2023-11-10,France,high,email,False
4094,2024-11-18,USA,high,organic,True
4095,2023-04-28,USA,medium,organic,True
4096,2023-10-26,Canada,low,referral,True
4097,2020-05-21,UK,low,organic,True
4098,2021-07-25,USA,low,referral,False
4099,2022-12-20,USA,high,referral,True
4100,2020-09-16,USA,low,ads,True
4101,2024-04-12,USA,medium,email,True
4102,2023-09-08,USA,low,organic,True
4103,2024-01-24,USA,low,organic,True
4104,2022-06-11,Japan,low,organic,False
4105,2023-02-27,Germany,low,email,False
4106,2024-05-10,UK,low,organic,True
4107,2024-12-10,UK,medium,ads,True
4108,2021-02-14,Canada,low,ads,True
4109,2024-10-25,UK,low,organic,True
4110,2024-02-22,Germany,medium,social,False
4111,2024-02-09,USA,low,email,True
4112,2023-12-05,USA,high,email,True
4113,2021-05-28,USA,low,organic,True
4114,2021-08-31,France,low,organic,False
4115,2024-03-15,Australia,low,referral,True
4116,2023-05-12,USA,low,referral,False
4117,2024-11-11,Mexico,medium,email,True
4118,2023-08-14,USA,high,social,True
4119,2022-03-13,Canada,medium,organic,True
4120,2024-06-21,USA,low,ads,False
4121,2023-02-22,Australia,medium,organic,True
4122,2024-01-01,Canada,low,referral,False
4123,2024-06-08,USA,low,referral,True
4124,2024-10-31,UK,low,ads,False
4125,2024-08-19,USA,low,organic,False
4126,2024-05-21,USA,medium,referral,True
4127,2024-05-24,USA,medium,organic,True
4128,2024-11-28,Mexico,low,organic,False
4129,2023-02-27,France,medium,referral,True
4130,2020-01-13,Mexico,low,ads,True
4131,2023-01-14,Spain,medium,ads,True
4132,2022-09-25,France,low,organic,True
4133,2024-05-09,Canada,high,email,True
4134,2024-04-14,Canada,low,referral,True
4135,2024-03-08,Mexico,medium,email,False
4136,2020-06-13,Canada,low,ads,True
4137,2024-07-02,Germany,low,social,False
4138,2023-04-14,Germany,low,referral,False
4139,2024-05-11,Mexico,low,social,True
4140,2024-02-02,UK,medium,organic,True
4141,2023-05-14,UK,low,organic,True
4142,2022-02-13,Canada,medium,ads,True
4143,2021-09-19,USA,low,referral,True
4144,2024-09-15,USA,medium,organic,True
4145,2024-11-11,USA,low,social,True
4146,2024-04-28,Canada,low,referral,True
4147,2021-10-25,Japan,medium,ads,True
4148,2023-08-08,Canada,low,organic,True
4149,2024-07-02,USA,low,ads,False
4150,2024-08-10,USA,medium,referral,True
4151,2021-12-19,Mexico,medium,organic,True
4152,2020-01-01,UK,low,ads,False
4153,2024-06-19,USA,high,referral,True
4154,2023-06-04,France,high,organic,True
4155,2022-12-12,USA,medium,organic,True
4156,2020-05-14,USA,medium,ads,True
4157,2024-01-16,Canada,low,referral,True
4158,2024-09-29,France,low,referral,True
4159,2024-12-06,USA,low,organic,True
4160,2024-02-11,Australia,low,social,True
4161,2023-12-20,UK,medium,organic,True
4162,2021-08-10,UK,low,referral,True
4163,2024-01-25,Spain,high,email,True
4164,2023-07-08,USA,low,ads,True
4165,2024-03-21,Mexico,low,referral,False
4166,2023-07-20,Canada,low,ads,False
4167,2022-11-13,Australia,low,ads,False
4168,2021-09-21,UK,medium,organic,True
4169,2023-03-31,USA,low,organic,True
4170,2021-09-28,Germany,low,ads,False
4171,2022-06-17,Spain,high,organic,True
4172,2024-12-23,USA,low,ads,True
4173,2023-09-30,USA,low,social,True
4174,2024-01-07,USA,high,email,True
4175,2024-10-14,Canada,low,ads,False
4176,2024-12-28,USA,low,ads,True
4177,2024-02-27,USA,low,referral,False
4178,2024-09-02,Australia,low,social,True
4179,2023-04-20,Canada,low,email,False
4180,2023-03-16,Canada,high,organic,True
4181,2023-08-08,Canada,high,referral,True
4182,2024-05-18,Germany,low,ads,True
4183,2024-05-26,UK,low,ads,True
4184,2023-04-01,USA,medium,organic,True
4185,2022-02-09,UK,low,organic,True
4186,2024-04-13,Canada,medium,ads,True
4187,2022-01-23,UK,low,social,True
4188,2024-02-23,Brazil,medium,referral,True
4189,2024-06-04,Spain,medium,organic,True
4190,2024-06-10,Spain,medium,ads,True
4191,2024-07-21,UK,low,organic,False
4192,2024-10-13,Brazil,low,referral,False
4193,2023-12-04,Australia,low,organic,True
4194,2024-07-03,USA,low,organic,True
4195,2024-04-01,USA,low,referral,False
4196,2022-07-13,Canada,medium,organic,True
4197,2020-08-31,USA,low,email,True
4198,2023-02-07,France,low,organic,False
4199,2023-09-29,UK,low,organic,True
4200,2024-03-30,UK,low,social,False
4201,2024-09-28,UK,low,organic,True
4202,2022-08-06,UK,low,organic,True
4203,2022-01-14,Canada,low,ads,False
4204,2024-12-09,USA,medium,organic,True
4205,2021-11-12,Brazil,medium,organic,True
4206,2023-11-10,Canada,low,ads,False
4207,2024-03-01,UK,low,organic,False
4208,2024-01-17,Canada,medium,ads,True
4209,2021-08-14,USA,high,organic,True
4210,2021-03-24,USA,medium,organic,True
4211,2021-11-02,Canada,high,organic,True
4212,2024-03-01,USA,medium,organic,False
4213,2024-01-20,Canada,low,social,True
4214,2022-10-30,USA,medium,organic,True
4215,2024-04-18,UK,medium,referral,False
4216,2024-09-07,USA,low,email,True
4217,2020-12-21,UK,low,email,False
4218,2023-12-02,Canada,medium,ads,True
4219,2024-06-01,UK,high,email,True
4220,2022-12-07,UK,low,ads,False
4221,2023-03-19,USA,low,organic,True
4222,2024-03-27,Germany,low,organic,True
4223,2024-10-29,UK,low,organic,False
4224,2024-08-31,Spain,low,email,True
4225,2024-02-28,USA,low,organic,True
4226,2024-07-03,USA,low,organic,True
4227,2023-06-17,USA,low,referral,True
4228,2024-04-21,Canada,low,organic,False
4229,2023-10-27,USA,low,organic,False
4230,2022-07-21,USA,low,referral,True
4231,2024-06-11,USA,low,ads,True
4232,2024-02-02,USA,high,ads,True
4233,2023-06-07,UK,high,email,True
4234,2024-11-07,UK,low,referral,True
4235,2020-07-23,USA,medium,ads,True
4236,2023-04-01,Mexico,medium,ads,True
4237,2021-03-23,USA,medium,referral,False
4238,2024-07-31,France,low,organic,False
4239,2024-06-11,USA,low,ads,True
4240,2023-04-27,UK,low,organic,True
4241,2024-05-20,Japan,low,email,True
4242,2023-07-30,France,medium,referral,False
4243,2024-07-23,UK,low,organic,True
4244,2023-10-13,Germany,medium,email,True
4245,2023-08-21,France,medium,ads,False
4246,2024-11-22,USA,low,referral,True
4247,2022-12-04,Canada,low,organic,True
4248,2021-12-27,Canada,high,organic,True
4249,2024-02-29,UK,low,organic,True
4250,2024-12-13,Canada,low,email,True
4251,2023-07-05,USA,low,ads,True
4252,2021-04-20,France,low,organic,False
4253,2023-05-09,UK,medium,ads,True
4254,2023-12-11,Canada,medium,ads,True
4255,2022-05-07,UK,low,ads,False
4256,2024-05-05,USA,low,ads,True
4257,2024-12-29,UK,high,organic,True
4258,2023-10-10,Canada,high,ads,True
4259,2023-06-02,Australia,low,ads,True
4260,2023-08-06,USA,high,referral,True
4261,2021-12-08,USA,low,organic,True
4262,2024-10-20,USA,medium,organic,True
4263,2023-08-24,Spain,medium,ads,True
4264,2023-07-18,Mexico,medium,ads,True
4265,2024-05-07,USA,low,email,True
4266,2023-09-28,Canada,low,ads,True
4267,2024-04-27,Canada,medium,organic,True
4268,2021-04-17,USA,high,organic,True
4269,2024-09-03,France,low,referral,False
4270,2024-11-25,UK,high,organic,True
4271,2024-04-27,Canada,low,social,False
4272,2024-12-04,UK,low,email,False
4273,2022-04-07,Germany,low,ads,True
4274,2023-11-09,Spain,medium,social,True
4275,2024-03-16,UK,low,organic,False
4276,2024-02-26,USA,medium,ads,True
4277,2023-08-07,Canada,medium,organic,True
4278,2023-05-07,USA,medium,referral,False
4279,2022-01-18,USA,medium,referral,True
4280,2023-07-25,France,low,organic,True
4281,2022-05-09,USA,low,ads,True
4282,2024-07-07,Canada,high,organic,False
4283,2022-09-05,Canada,low,organic,True
4284,2021-04-02,France,low,referral,False
4285,2024-01-28,USA,low,organic,True
4286,2024-03-10,USA,medium,ads,True
4287,2024-10-13,USA,low,organic,True
4288,2024-02-22,USA,low,ads,True
4289,2023-05-19,USA,medium,ads,False
4290,2024-08-26,USA,high,email,False
4291,2024-01-16,Canada,low,organic,False
4292,2021-07-15,USA,low,organic,True
4293,2024-02-11,UK,medium,email,False
4294,2024-11-05,Spain,low,organic,True
4295,2023-07-31,UK,low,ads,True
4296,2023-02-27,Canada,medium,ads,True
4297,2022-03-13,Mexico,low,ads,False
4298,2022-04-07,UK,low,social,True
4299,2023-09-16,USA,medium,ads,True
4300,2024-03-11,USA,low,organic,True
4301,2021-07-21,Germany,low,organic,True
4302,2024-11-25,Canada,low,organic,True
4303,2024-07-22,Mexico,medium,organic,True
4304,2024-03-02,Germany,medium,ads,True
4305,2024-09-13,USA,medium,organic,True
4306,2021-07-19,USA,medium,referral,True
4307,2023-11-08,USA,low,organic,True
4308,2024-04-11,USA,high,organic,True
4309,2024-09-13,Spain,medium,social,True
4310,2024-08-12,UK,medium,referral,True
4311,2023-01-24,USA,low,referral,False
4312,2024-11-25,UK,low,referral,True
4313,2022-01-10,Germany,low,organic,True
4314,2024-10-15,USA,low,organic,True
4315,2024-12-13,USA,low,social,True
4316,2022-06-18,USA,low,ads,True
4317,2024-06-27,Canada,medium,referral,True
4318,2020-12-13,Spain,low,referral,False
4319,2023-08-12,USA,low,referral,True
4320,2023-12-22,USA,low,organic,True
4321,2024-02-25,USA,medium,organic,True
4322,2024-11-22,Canada,low,organic,True
4323,2024-05-17,USA,low,organic,True
4324,2023-11-13,France,low,referral,False
4325,2024-08-31,USA,low,referral,False
4326,2024-12-01,Canada,high,email,True
4327,2020-08-02,Spain,low,organic,True
4328,2024-12-20,USA,medium,ads,True
4329,2021-08-15,UK,low,referral,True
4330,2024-09-03,Brazil,low,referral,False
4331,2023-01-30,UK,high,ads,True
4332,2022-02-05,USA,medium,organic,True
4333,2023-09-25,UK,low,ads,True
4334,2024-04-23,Mexico,low,organic,True
4335,2023-07-10,Canada,low,ads,True
4336,2021-03-10,USA,low,email,True
4337,2024-03-14,Canada,medium,email,True
4338,2024-11-01,Canada,low,referral,True
4339,2023-07-13,Canada,high,ads,True
4340,2022-09-22,Canada,high,email,True
4341,2023-09-29,UK,low,ads,False
4342,2021-02-02,Canada,medium,organic,True
4343,2024-09-08,USA,low,ads,False
4344,2024-09-12,USA,low,organic,True
4345,2024-03-03,UK,medium,referral,True
4346,2023-05-30,France,high,referral,True
4347,2024-08-24,UK,low,referral,True
4348,2024-01-31,UK,low,ads,False
4349,2024-09-12,USA,low,organic,False
4350,2024-04-12,USA,low,organic,False
4351,2024-08-13,USA,low,organic,True
4352,2024-03-13,France,medium,organic,True
4353,2023-08-24,France,low,organic,True
4354,2024-12-06,USA,low,referral,False
4355,2024-01-17,UK,low,ads,True
4356,2024-03-19,USA,low,referral,False
4357,2022-10-01,Australia,medium,organic,False
4358,2024-04-07,Mexico,high,ads,True
4359,2024-02-17,UK,low,organic,True
4360,2022-07-08,USA,low,organic,True
4361,2021-04-07,UK,high,organic,True
4362,2024-03-19,USA,low,email,False
4363,2024-07-29,USA,low,referral,False
4364,2023-12-30,USA,low,social,True
4365,2022-10-15,UK,medium,organic,False
4366,2024-05-13,UK,low,ads,False
4367,2021-07-19,Canada,low,ads,False
4368,2023-09-28,UK,low,organic,False
4369,2022-05-11,USA,low,referral,False
4370,2022-07-07,Germany,low,ads,True
4371,2022-08-20,UK,medium,ads,True
4372,2023-07-18,UK,medium,social,True
4373,2021-02-18,USA,low,ads,True
4374,2023-08-02,UK,low,ads,True
4375,2023-12-17,USA,low,organic,False
4376,2023-11-16,Germany,medium,organic,False
4377,2023-07-12,Australia,low,ads,False
4378,2024-09-21,France,medium,organic,True
4379,2022-03-19,Canada,high,organic,True
4380,2023-12-11,USA,low,email,True
4381,2021-04-20,Germany,medium,ads,True
4382,2021-06-06,France,low,organic,False
4383,2024-02-19,UK,medium,ads,False
4384,2024-02-11,Spain,medium,organic,True
4385,2024-10-17,USA,medium,social,False
4386,2024-02-03,USA,medium,organic,True
4387,2024-12-07,Canada,low,email,True
4388,2021-02-04,Canada,low,organic,True
4389,2021-10-04,USA,low,organic,True
4390,2021-01-06,Canada,medium,social,True
4391,2022-07-09,USA,low,email,True
4392,2024-01-17,USA,low,email,False
4393,2024-04-25,USA,low,ads,True
4394,2021-01-16,UK,low,email,True
4395,2024-11-28,USA,low,email,True
4396,2024-09-23,USA,low,ads,True
4397,2023-02-28,USA,medium,social,True
4398,2021-07-05,Germany,medium,organic,True
4399,2022-05-29,Germany,high,social,True
4400,2022-01-19,USA,low,organic,True
4401,2022-01-06,USA,low,referral,True
4402,2023-12-24,UK,low,ads,True
4403,2022-11-24,USA,low,ads,True
4404,2023-06-07,USA,medium,organic,True
4405,2024-12-24,France,low,organic,True
4406,2024-05-28,Japan,low,organic,True
4407,2024-11-30,UK,medium,organic,True
4408,2022-03-11,France,low,referral,True
4409,2023-07-11,USA,medium,organic,True
4410,2024-01-31,France,low,referral,True
4411,2021-07-03,Mexico,low,ads,True
4412,2020-02-16,USA,low,ads,True
4413,2024-05-16,Germany,low,referral,False
4414,2024-04-21,USA,low,social,False
4415,2023-08-19,UK,medium,ads,True
4416,2023-11-23,USA,medium,ads,True
4417,2023-08-25,France,low,ads,True
4418,2020-08-17,France,low,ads,True
4419,2023-05-03,France,medium,email,True
4420,2022-06-18,USA,low,organic,False
4421,2021-10-05,Germany,low,email,False
4422,2024-12-05,USA,low,ads,False
4423,2024-03-14,Germany,medium,referral,True
4424,2024-07-02,UK,medium,ads,True
4425,2023-04-01,Germany,medium,ads,False
4426,2023-07-27,USA,low,ads,False
4427,2022-11-06,UK,medium,ads,True
4428,2021-09-29,Germany,low,referral,True
4429,2022-06-23,UK,medium,organic,True
4430,2024-08-22,Brazil,low,email,True
4431,2024-05-22,UK,low,organic,True
4432,2024-01-23,Canada,low,email,True
4433,2023-11-06,USA,medium,organic,True
4434,2024-11-14,USA,low,ads,True
4435,2021-06-14,Canada,high,social,True
4436,2023-01-30,USA,low,organic,True
4437,2023-05-25,Australia,low,referral,True
4438,2024-08-12,UK,low,social,False
4439,2024-12-26,USA,low,ads,True
4440,2022-11-14,Canada,low,organic,True
4441,2024-10-14,USA,low,referral,False
4442,2024-09-15,Spain,low,organic,True
4443,2022-10-10,Spain,medium,organic,True
4444,2023-08-04,USA,medium,organic,True
4445,2023-08-18,USA,high,email,True
4446,2024-12-18,Canada,high,ads,False
4447,2022-06-28,USA,low,social,True
4448,2024-08-24,USA,medium,ads,True
4449,2023-05-01,USA,low,email,True
4450,2024-07-04,USA,medium,email,True
4451,2023-08-31,France,high,organic,True
4452,2024-02-23,USA,low,email,True
4453,2024-09-16,USA,medium,ads,True
4454,2024-08-27,France,low,organic,True
4455,2024-10-09,UK,low,organic,False
4456,2021-04-07,Canada,medium,ads,False
4457,2024-06-03,UK,medium,referral,False
4458,2022-03-03,USA,low,email,False
4459,2023-08-26,USA,medium,organic,True
4460,2024-01-25,USA,low,ads,True
4461,2023-08-09,Canada,low,organic,True
4462,2023-12-26,Australia,low,organic,True
4463,2024-12-28,Japan,medium,referral,True
4464,2022-02-15,Canada,low,referral,False
4465,2024-05-20,USA,medium,email,True
4466,2023-07-30,Canada,low,ads,True
4467,2022-02-08,Germany,medium,social,True
4468,2022-04-28,France,high,referral,True
4469,2024-11-30,USA,low,email,True
4470,2024-10-18,USA,low,organic,True
4471,2024-11-04,Brazil,medium,ads,True
4472,2024-12-26,France,low,organic,False
4473,2022-09-03,Germany,low,ads,True
4474,2023-06-03,France,low,organic,False
4475,2024-05-15,UK,low,referral,True
4476,2023-11-16,USA,low,email,True
4477,2023-08-29,Canada,medium,referral,False
4478,2023-06-06,UK,low,ads,True
4479,2024-03-09,USA,low,organic,True
4480,2024-02-20,Spain,low,referral,False
4481,2022-05-06,UK,high,social,True
4482,2023-11-02,UK,low,ads,True
4483,2024-01-30,USA,high,referral,True
4484,2024-02-15,Canada,high,organic,True
4485,2022-09-08,USA,high,referral,True
4486,2024-07-13,USA,medium,organic,True
4487,2020-08-27,USA,low,organic,False
4488,2023-06-02,Germany,medium,organic,True
4489,2024-08-10,USA,low,referral,False
4490,2024-02-09,France,high,organic,True
4491,2022-12-25,Australia,low,organic,False
4492,2024-06-05,Canada,low,organic,False
4493,2024-02-12,USA,medium,ads,True
4494,2024-08-22,USA,medium,ads,True
4495,2024-07-07,USA,low,organic,True
4496,2024-03-24,USA,low,referral,True
4497,2023-11-21,UK,low,referral,True
4498,2022-02-09,USA,low,ads,True
4499,2022-12-25,Canada,low,referral,True
4500,2023-08-30,UK,medium,referral,True
4501,2024-03-14,USA,medium,referral,True
4502,2023-12-19,USA,medium,ads,True
4503,2023-02-13,Spain,high,referral,True
4504,2020-03-11,Germany,low,referral,False
4505,2023-11-30,USA,low,organic,True
4506,2023-02-08,Germany,low,ads,True
4507,2024-07-07,Canada,low,organic,False
4508,2020-08-17,UK,low,organic,False
4509,2024-02-29,UK,medium,organic,True
4510,2024-11-26,UK,high,referral,True
4511,2022-06-11,UK,low,ads,False
4512,2023-11-02,Canada,medium,organic,True
4513,2021-09-06,Canada,low,organic,False
4514,2024-04-07,USA,low,organic,False
4515,2024-01-27,Canada,low,ads,True
4516,2023-08-15,USA,low,ads,True
4517,2023-12-27,UK,low,referral,True
4518,2024-10-29,USA,medium,organic,False
4519,2022-08-06,France,medium,referral,True
4520,2020-08-06,USA,medium,referral,True
4521,2024-10-06,Spain,low,email,False
4522,2024-02-22,USA,low,ads,True
4523,2024-10-25,UK,high,email,True
4524,2024-03-12,USA,low,ads,True
4525,2024-08-31,Canada,low,social,True
4526,2023-09-12,France,low,ads,True
4527,2024-07-18,Canada,medium,organic,True
4528,2024-11-08,UK,low,ads,False
4529,2024-02-17,Germany,low,referral,True
4530,2022-06-28,USA,low,ads,True
4531,2023-01-08,UK,low,referral,True
4532,2022-08-11,Canada,low,organic,True
4533,2022-11-26,USA,medium,ads,True
4534,2023-03-17,Australia,medium,organic,True
4535,2024-01-31,USA,low,referral,True
4536,2024-03-03,UK,low,ads,False
4537,2023-09-08,Spain,low,organic,True
4538,2024-03-29,USA,low,ads,True
4539,2021-07-25,France,high,email,True
4540,2021-08-22,USA,low,referral,True
4541,2022-06-04,Canada,low,referral,True
4542,2023-12-24,Australia,high,organic,True
4543,2022-09-17,UK,medium,organic,True
4544,2023-02-04,UK,low,referral,True
4545,2023-08-05,Germany,medium,ads,True
4546,2024-09-02,France,low,organic,False
4547,2020-05-23,USA,low,ads,True
4548,2024-04-28,USA,low,referral,True
4549,2024-05-15,USA,low,organic,True
4550,2024-08-23,USA,medium,organic,True
4551,2024-11-20,Mexico,medium,referral,True
4552,2020-07-17,Mexico,low,ads,False
4553,2022-04-14,USA,medium,email,True
4554,2024-10-22,Germany,medium,ads,True
4555,2023-10-18,UK,low,ads,False
4556,2024-02-10,USA,medium,ads,True
4557,2024-05-10,UK,low,referral,True
4558,2024-05-23,USA,low,referral,True
4559,2024-11-20,Canada,medium,organic,True
4560,2024-12-29,USA,low,organic,True
4561,2024-06-25,Germany,low,email,True
4562,2023-02-11,UK,high,referral,True
4563,2024-10-18,USA,low,organic,False
4564,2021-02-07,Canada,low,organic,True
4565,2022-10-24,UK,low,email,True
4566,2024-10-29,UK,low,ads,True
4567,2022-12-15,Canada,low,organic,True
4568,2022-10-02,Spain,low,ads,False
4569,2022-02-25,USA,low,organic,True
4570,2024-10-04,USA,low,ads,True
4571,2023-12-04,UK,medium,organic,True
4572,2024-05-20,USA,medium,organic,True
4573,2022-11-10,USA,low,ads,True
4574,2024-07-25,Japan,low,referral,True
4575,2024-07-26,UK,low,organic,True
4576,2023-03-27,UK,low,ads,True
4577,2023-08-19,USA,low,referral,True
4578,2022-09-07,Japan,low,organic,True
4579,2024-12-17,USA,low,referral,True
4580,2024-04-25,UK,medium,referral,True
4581,2024-11-21,Germany,medium,organic,True
4582,2023-03-12,UK,high,organic,True
4583,2024-08-11,Germany,low,ads,True
4584,2024-07-30,Canada,low,ads,False
4585,2024-06-03,Canada,low,ads,False
4586,2024-12-10,USA,low,organic,True
4587,2023-07-27,Germany,low,referral,True
4588,2022-01-31,Australia,low,ads,True
4589,2024-05-17,USA,low,referral,True
4590,2024-07-03,Mexico,medium,social,True
4591,2024-02-20,UK,medium,organic,True
4592,2022-08-31,UK,low,organic,True
4593,2023-12-09,Germany,low,organic,True
4594,2023-03-27,Brazil,medium,organic,True
4595,2023-09-10,Canada,medium,referral,True
4596,2024-04-24,UK,low,organic,True
4597,2024-07-15,Japan,low,referral,True
4598,2022-10-27,USA,medium,organic,True
4599,2023-08-12,USA,low,organic,True
4600,2023-01-09,USA,low,referral,True
4601,2022-08-11,Spain,low,referral,True
4602,2024-08-12,USA,medium,ads,False
4603,2024-11-06,France,low,organic,True
4604,2023-06-24,Canada,low,organic,False
4605,2024-07-19,USA,medium,social,True
4606,2024-10-29,Canada,low,organic,True
4607,2024-09-25,Canada,low,referral,True
4608,2022-07-03,Australia,high,ads,True
4609,2024-12-05,USA,low,ads,False
4610,2023-07-04,USA,low,referral,False
4611,2023-05-09,UK,low,referral,True
4612,2021-04-22,USA,low,ads,True
4613,2023-11-19,UK,medium,referral,True
4614,2021-11-16,Canada,low,social,True
4615,2022-11-30,USA,low,organic,True
4616,2023-04-03,France,low,referral,True
4617,2024-08-31,USA,low,referral,True
4618,2024-10-15,UK,low,ads,False
4619,2023-03-10,Australia,low,organic,False
4620,2024-10-04,Germany,low,organic,False
4621,2024-10-03,Germany,medium,organic,True
4622,2024-07-29,France,medium,ads,True
4623,2022-03-23,USA,low,organic,True
4624,2024-06-01,France,high,referral,True
4625,2024-11-28,Canada,low,ads,True
4626,2024-05-26,Canada,low,organic,True
4627,2023-04-27,Australia,low,ads,True
4628,2023-12-05,Canada,low,referral,False
4629,2024-04-25,USA,medium,organic,True
4630,2023-12-16,Germany,low,referral,True
4631,2021-12-26,Canada,high,organic,True
4632,2023-03-26,USA,medium,ads,True
4633,2024-08-26,USA,low,organic,True
4634,2024-10-06,Germany,low,ads,True
4635,2022-02-22,USA,low,organic,False
4636,2024-12-02,France,low,ads,True
4637,2023-04-23,UK,low,organic,True
4638,2024-05-09,Spain,medium,ads,True
4639,2024-07-20,Spain,low,organic,True
4640,2024-09-02,USA,medium,organic,True
4641,2024-11-28,Canada,high,organic,True
4642,2023-03-28,Canada,low,organic,False
4643,2024-10-04,USA,low,organic,True
4644,2022-02-04,Germany,low,ads,False
4645,2024-06-13,UK,low,ads,False
4646,2024-07-12,USA,low,ads,True
4647,2024-05-22,USA,medium,ads,True
4648,2022-12-07,UK,medium,ads,True
4649,2024-10-13,USA,medium,organic,True
4650,2022-05-27,UK,medium,organic,True
4651,2021-03-05,USA,high,organic,True
4652,2024-06-23,USA,low,organic,True
4653,2023-11-07,Germany,low,organic,True
4654,2024-09-27,UK,medium,referral,True
4655,2023-07-13,UK,medium,ads,True
4656,2022-05-25,Canada,low,referral,True
4657,2024-09-19,UK,high,referral,True
4658,2024-01-25,USA,medium,ads,True
4659,2022-07-19,USA,medium,organic,False
4660,2024-06-26,UK,low,referral,True
4661,2023-12-16,USA,low,ads,True
4662,2024-03-19,USA,low,organic,True
4663,2023-10-21,Canada,medium,organic,True
4664,2024-09-13,USA,high,ads,True
4665,2024-09-14,UK,low,email,True
4666,2024-06-17,USA,medium,ads,True
4667,2021-11-02,UK,low,ads,True
4668,2024-09-20,Germany,high,referral,True
4669,2024-05-16,USA,medium,organic,True
4670,2024-06-07,USA,high,ads,True
4671,2023-06-14,Canada,medium,ads,True
4672,2024-10-17,UK,medium,email,False
4673,2024-06-30,Canada,medium,email,True
4674,2021-11-29,USA,low,organic,True
4675,2023-08-15,Canada,high,organic,True
4676,2024-10-22,Germany,low,organic,True
4677,2021-01-26,USA,low,organic,False
4678,2024-12-08,USA,medium,organic,True
4679,2024-05-23,Germany,medium,ads,True
4680,2024-04-12,USA,low,referral,False
4681,2023-01-12,Australia,low,organic,True
4682,2022-11-30,USA,high,ads,True
4683,2024-11-26,Canada,low,ads,True
4684,2023-03-03,UK,low,organic,True
4685,2024-08-07,USA,low,ads,False
4686,2023-07-27,USA,low,organic,False
4687,2022-02-28,Canada,medium,email,True
4688,2020-04-23,USA,low,organic,False
4689,2024-01-20,USA,low,email,True
4690,2024-12-16,Brazil,high,ads,True
4691,2023-06-23,Canada,medium,email,True
4692,2023-06-05,Japan,low,ads,True
4693,2023-05-17,UK,high,ads,False
4694,2023-12-27,USA,low,referral,False
4695,2023-09-26,USA,medium,ads,True
4696,2024-10-18,France,low,organic,True
4697,2023-12-10,USA,low,organic,False
4698,2023-12-13,UK,high,organic,True
4699,2022-02-25,Germany,medium,organic,True
4700,2024-12-20,Spain,medium,referral,False
4701,2022-12-03,USA,low,ads,False
4702,2021-06-17,USA,low,organic,True
4703,2024-05-10,Mexico,medium,organic,True
4704,2024-03-10,Australia,low,ads,True
4705,2023-08-25,Spain,low,referral,True
4706,2023-09-03,France,low,referral,True
4707,2024-08-14,USA,low,ads,True
4708,2022-08-04,Canada,low,organic,True
4709,2024-09-08,USA,low,organic,False
4710,2024-04-27,UK,low,ads,True
4711,2023-08-30,USA,medium,referral,True
4712,2023-10-17,USA,low,ads,True
4713,2022-12-16,UK,low,referral,True
4714,2024-07-20,USA,low,ads,True
4715,2023-12-18,UK,low,organic,True
4716,2023-04-10,USA,medium,organic,True
4717,2024-03-11,UK,medium,referral,True
4718,2024-12-28,Germany,medium,organic,False
4719,2023-09-20,USA,low,email,True
4720,2024-11-13,Canada,low,referral,False
4721,2023-05-18,USA,low,organic,True
4722,2021-03-11,Canada,high,social,True
4723,2022-08-25,Canada,low,ads,True
4724,2023-08-29,USA,low,ads,True
4725,2022-09-29,USA,low,referral,True
4726,2020-01-03,USA,low,referral,True
4727,2024-11-09,France,low,email,False
4728,2024-09-24,Canada,low,organic,False
4729,2024-07-13,USA,medium,ads,True
4730,2022-05-24,Canada,medium,organic,True
4731,2021-12-27,USA,low,referral,False
4732,2021-05-19,UK,high,organic,True
4733,2024-06-28,USA,low,referral,True
4734,2024-11-18,Spain,low,organic,False
4735,2023-09-14,Canada,low,social,True
4736,2021-12-23,Spain,low,email,True
4737,2023-12-18,USA,low,organic,True
4738,2023-05-24,Spain,medium,organic,True
4739,2023-07-01,Canada,low,ads,True
4740,2024-04-03,USA,low,ads,False
4741,2024-06-24,UK,medium,organic,True
4742,2021-11-22,Brazil,low,organic,True
4743,2020-11-11,USA,low,ads,True
4744,2024-12-27,USA,low,referral,True
4745,2022-10-28,Spain,low,ads,True
4746,2021-03-06,UK,low,email,True
4747,2022-07-21,USA,low,referral,False
4748,2020-12-04,UK,medium,referral,False
4749,2023-07-25,UK,low,ads,True
4750,2024-08-26,Australia,low,ads,False
4751,2023-05-12,USA,medium,ads,True
4752,2023-10-01,USA,low,organic,True
4753,2024-05-20,UK,low,social,False
4754,2023-12-14,USA,low,organic,True
4755,2024-10-06,UK,low,social,True
4756,2024-10-09,USA,high,ads,True
4757,2020-04-15,USA,medium,referral,True
4758,2024-08-08,UK,low,organic,True
4759,2023-10-20,Canada,low,referral,True
4760,2024-12-24,USA,low,organic,True
4761,2023-11-16,Brazil,low,referral,False
4762,2024-12-23,UK,low,organic,False
4763,2024-07-22,France,low,email,True
4764,2022-11-30,Canada,high,organic,True
4765,2024-01-14,Spain,low,email,True
4766,2024-12-26,Spain,medium,organic,True
4767,2024-10-03,France,medium,referral,True
4768,2021-10-01,USA,low,ads,True
4769,2024-06-14,Canada,low,referral,False
4770,2023-05-19,USA,low,organic,True
4771,2020-03-17,USA,low,organic,True
4772,2023-08-09,Spain,low,referral,True
4773,2022-11-01,Canada,low,ads,True
4774,2024-09-07,USA,low,organic,True
4775,2023-05-06,UK,medium,organic,True
4776,2024-09-13,Mexico,low,organic,True
4777,2020-01-07,Canada,low,organic,True
4778,2023-03-19,Canada,low,ads,False
4779,2022-11-15,USA,medium,ads,True
4780,2022-10-30,USA,medium,referral,True
4781,2021-05-22,USA,low,referral,True
4782,2022-07-14,Brazil,low,ads,True
4783,2024-02-01,Australia,low,ads,False
4784,2023-02-19,USA,medium,organic,True
4785,2023-08-28,UK,medium,ads,True
4786,2023-07-04,USA,low,ads,False
4787,2024-10-15,USA,low,organic,True
4788,2024-11-03,UK,low,organic,True
4789,2023-11-27,France,low,ads,False
4790,2023-04-25,Spain,low,organic,True
4791,2021-11-07,USA,low,organic,True
4792,2024-12-03,Germany,medium,email,True
4793,2021-04-11,UK,medium,email,True
4794,2023-03-02,USA,medium,referral,True
4795,2023-03-02,Japan,low,social,True
4796,2023-04-09,Brazil,low,email,True
4797,2022-05-14,USA,low,ads,False
4798,2024-08-12,Australia,medium,ads,True
4799,2022-01-03,Australia,low,referral,True
4800,2024-04-15,USA,low,organic,True
4801,2022-01-08,Canada,medium,ads,True
4802,2021-06-03,Mexico,medium,ads,True
4803,2024-11-06,USA,low,ads,False
4804,2022-07-21,USA,low,ads,True
4805,2024-09-08,Spain,high,ads,True
4806,2024-01-21,Germany,low,email,True
4807,2021-07-08,Germany,low,email,True
4808,2024-12-04,Spain,medium,organic,True
4809,2022-11-27,UK,low,organic,False
4810,2024-10-04,UK,low,referral,True
4811,2022-05-26,UK,medium,social,True
4812,2024-10-01,Australia,low,organic,True
4813,2020-05-17,Spain,low,organic,True
4814,2023-12-17,Australia,low,referral,True
4815,2024-08-02,USA,low,organic,True
4816,2024-11-22,Germany,medium,organic,False
4817,2024-11-06,USA,low,ads,True
4818,2024-09-07,USA,low,email,False
4819,2024-10-23,Germany,low,organic,True
4820,2022-08-13,Canada,low,ads,True
4821,2023-02-06,USA,high,ads,True
4822,2023-02-14,Canada,medium,referral,True
4823,2023-07-04,USA,medium,organic,True
4824,2023-07-27,USA,low,organic,True
4825,2024-01-21,Canada,medium,social,True
4826,2022-05-01,UK,medium,organic,True
4827,2024-06-02,Canada,medium,referral,True
4828,2022-05-23,UK,medium,ads,True
4829,2023-03-23,UK,low,organic,True
4830,2023-12-08,Canada,medium,ads,True
4831,2024-08-22,Germany,low,organic,True
4832,2024-07-10,UK,medium,ads,True
4833,2024-04-25,Spain,medium,referral,True
4834,2022-04-19,UK,low,organic,True
4835,2024-01-23,USA,medium,organic,True
4836,2021-08-20,USA,low,organic,False
4837,2023-07-05,USA,low,organic,True
4838,2023-08-23,Germany,low,organic,True
4839,2020-12-10,USA,medium,ads,True
4840,2023-01-18,USA,high,referral,True
4841,2024-12-04,UK,low,organic,True
4842,2024-12-03,Germany,medium,ads,True
4843,2023-05-29,Brazil,low,organic,False
4844,2020-12-31,Germany,medium,ads,True
4845,2022-06-23,USA,low,ads,True
4846,2023-07-25,Australia,low,referral,False
4847,2024-11-30,Brazil,low,ads,True
4848,2022-03-06,Spain,low,referral,True
4849,2024-07-29,UK,low,ads,True
4850,2021-11-14,USA,low,organic,True
4851,2024-12-20,UK,low,referral,True
4852,2023-07-11,USA,low,email,True
4853,2024-08-06,UK,medium,ads,True
4854,2023-05-14,USA,medium,ads,True
4855,2024-04-09,Germany,medium,organic,True
4856,2022-07-26,UK,low,ads,True
4857,2022-03-21,USA,high,organic,True
4858,2024-11-24,Canada,high,ads,True
4859,2024-11-11,Germany,low,organic,True
4860,2024-10-23,Canada,medium,email,False
4861,2024-04-07,UK,low,referral,True
4862,2024-08-30,Spain,high,email,True
4863,2021-05-26,France,low,organic,True
4864,2023-05-02,UK,medium,ads,True
4865,2023-03-29,UK,low,ads,True
4866,2024-04-16,France,low,referral,True
4867,2023-06-04,USA,medium,referral,True
4868,2022-03-29,Japan,low,ads,True
4869,2024-03-11,UK,low,referral,True
4870,2024-09-03,UK,medium,organic,True
4871,2023-07-11,Germany,low,ads,True
4872,2022-02-06,Canada,medium,ads,True
4873,2022-08-07,UK,low,ads,True
4874,2022-11-07,Canada,medium,referral,True
4875,2023-03-06,USA,medium,organic,True
4876,2024-04-22,USA,low,referral,True
4877,2024-03-15,UK,medium,organic,True
4878,2024-06-06,USA,low,organic,False
4879,2023-06-13,France,low,referral,True
4880,2024-09-10,UK,high,organic,True
4881,2022-08-25,UK,medium,organic,True
4882,2023-10-30,Canada,low,organic,True
4883,2024-08-25,USA,low,social,True
4884,2022-06-26,UK,medium,ads,True
4885,2021-11-19,USA,low,organic,True
4886,2024-10-20,France,high,ads,True
4887,2023-05-15,UK,medium,email,True
4888,2024-05-27,Germany,low,organic,False
4889,2020-08-28,USA,low,email,True
4890,2024-06-01,Germany,low,organic,False
4891,2023-04-02,Australia,high,organic,True
4892,2021-03-17,Canada,low,ads,True
4893,2024-03-24,USA,medium,organic,True
4894,2022-11-14,UK,low,referral,True
4895,2023-07-18,UK,low,organic,True
4896,2021-07-21,USA,medium,organic,True
4897,2022-03-25,Canada,low,organic,True
4898,2023-03-02,Germany,low,email,False
4899,2021-08-30,USA,low,ads,True
4900,2024-11-07,UK,high,referral,True
4901,2020-03-07,USA,low,ads,True
4902,2023-11-16,Canada,medium,organic,True
4903,2022-01-06,Australia,high,ads,True
4904,2023-03-19,France,medium,ads,True
4905,2024-11-16,Germany,medium,referral,True
4906,2022-05-07,USA,low,ads,False
4907,2024-12-10,USA,medium,ads,True
4908,2022-08-29,UK,low,email,True
4909,2024-07-12,UK,medium,ads,False
4910,2024-01-23,UK,medium,social,True
4911,2024-10-21,UK,low,referral,True
4912,2024-01-30,France,low,organic,True
4913,2024-01-10,UK,medium,social,True
4914,2022-08-04,Mexico,low,organic,True
4915,2022-05-19,UK,medium,organic,True
4916,2024-11-10,UK,low,ads,True
4917,2023-04-21,Germany,medium,referral,True
4918,2023-06-27,Australia,medium,social,True
4919,2024-07-26,Canada,medium,referral,True
4920,2023-05-08,Canada,high,organic,True
4921,2024-12-02,USA,low,organic,False
4922,2024-07-09,Spain,medium,email,True
4923,2024-03-12,USA,low,email,True
4924,2024-10-18,Germany,high,referral,True
4925,2021-02-09,UK,low,ads,False
4926,2022-12-17,USA,low,ads,False
4927,2023-10-26,Germany,low,organic,True
4928,2022-10-16,UK,low,ads,True
4929,2024-07-14,Canada,low,ads,True
4930,2024-11-12,USA,low,organic,True
4931,2023-09-05,USA,low,organic,True
4932,2023-05-14,USA,medium,ads,True
4933,2024-12-08,Canada,medium,referral,True
4934,2023-10-01,USA,low,organic,False
4935,2023-11-22,UK,low,referral,True
4936,2023-05-28,Spain,medium,ads,True
4937,2024-11-06,UK,medium,social,True
4938,2024-02-14,USA,low,ads,True
4939,2024-07-28,Spain,medium,organic,True
4940,2024-09-02,USA,medium,organic,True
4941,2023-05-13,Canada,low,ads,True
4942,2023-09-18,UK,low,email,False
4943,2024-09-27,UK,low,referral,True
4944,2023-06-14,USA,low,ads,True
4945,2024-08-20,Canada,low,organic,False
4946,2024-11-25,USA,medium,referral,True
4947,2024-04-05,UK,high,ads,True
4948,2024-07-12,Canada,medium,ads,False
4949,2024-08-28,Canada,low,ads,True
4950,2024-09-25,France,medium,email,True
4951,2023-07-29,USA,low,ads,False
4952,2021-02-19,USA,low,ads,True
4953,2023-08-07,Canada,low,referral,False
4954,2024-05-19,USA,medium,email,True
4955,2023-10-08,Spain,low,referral,False
4956,2024-07-18,Canada,low,referral,True
4957,2023-06-05,France,low,ads,True
4958,2024-04-15,USA,low,referral,True
4959,2022-07-12,Australia,low,referral,True
4960,2024-07-18,USA,low,referral,True
4961,2024-01-22,UK,low,referral,False
4962,2022-08-24,USA,medium,email,True
4963,2023-02-20,Canada,low,organic,False
4964,2024-07-17,Canada,low,ads,True
4965,2023-11-15,Canada,low,organic,True
4966,2022-09-21,Canada,medium,referral,True
4967,2024-12-11,France,low,ads,True
4968,2024-06-21,USA,low,ads,True
4969,2024-12-05,UK,high,ads,True
4970,2023-09-09,Canada,high,organic,False
4971,2023-11-06,Australia,low,ads,True
4972,2024-10-29,USA,medium,organic,True
4973,2023-12-31,USA,low,referral,True
4974,2024-06-15,UK,medium,email,True
4975,2022-12-07,UK,high,ads,True
4976,2023-10-04,USA,low,referral,False
4977,2022-01-07,UK,low,email,True
4978,2022-08-29,Canada,medium,social,True
4979,2020-01-11,USA,high,email,True
4980,2020-12-06,USA,low,organic,True
4981,2024-12-17,Canada,low,referral,True
4982,2022-11-17,USA,low,referral,False
4983,2024-05-10,UK,medium,organic,True
4984,2024-09-21,UK,low,referral,True
4985,2024-01-27,Canada,low,referral,True
4986,2022-04-12,Canada,high,ads,True
4987,2024-07-02,USA,low,ads,True
4988,2024-03-15,Germany,low,social,True
4989,2024-07-04,Canada,low,organic,True
4990,2024-08-02,Brazil,low,ads,True
4991,2024-12-16,UK,low,organic,True
4992,2024-02-18,Canada,medium,ads,True
4993,2023-05-13,Australia,low,organic,True
4994,2024-04-27,Brazil,low,ads,False
4995,2021-05-23,USA,medium,ads,True
4996,2024-10-29,Canada,high,ads,True
4997,2021-12-24,USA,medium,email,True
4998,2023-04-21,UK,medium,ads,True
4999,2024-09-04,Japan,low,organic,True
5000,2024-03-12,UK,low,organic,True
